,Date,Value,Day of week,Percent change,Month
1,2014-04-02,1888.48,2,0.46,April
2,2014-04-03,1888.22,3,-0.01,April
3,2014-04-04,1880.27,4,-0.42,April
4,2014-04-07,1852.76,0,-1.46,April
5,2014-04-08,1846.22,1,-0.35,April
6,2014-04-09,1862.41,2,0.88,April
7,2014-04-10,1851.7,3,-0.58,April
8,2014-04-11,1824.72,4,-1.46,April
9,2014-04-14,1825.0,0,0.02,April
10,2014-04-15,1830.16,1,0.28,April
11,2014-04-16,1854.16,2,1.31,April
12,2014-04-17,1863.18,3,0.49,April
13,2014-04-21,1867.54,0,0.23,April
14,2014-04-22,1878.73,1,0.6,April
15,2014-04-23,1876.83,2,-0.1,April
16,2014-04-24,1877.15,3,0.02,April
17,2014-04-25,1868.71,4,-0.45,April
18,2014-04-28,1863.81,0,-0.26,April
19,2014-04-29,1875.69,1,0.64,April
20,2014-04-30,1878.95,2,0.17,April
21,2014-05-01,1883.32,3,0.23,May
22,2014-05-02,1884.92,4,0.08,May
23,2014-05-05,1876.14,0,-0.47,May
24,2014-05-06,1875.7,1,-0.02,May
25,2014-05-07,1869.31,2,-0.34,May
26,2014-05-08,1879.56,3,0.55,May
27,2014-05-09,1872.8,4,-0.36,May
28,2014-05-12,1888.58,0,0.84,May
29,2014-05-13,1899.12,1,0.56,May
30,2014-05-14,1891.45,2,-0.4,May
31,2014-05-15,1875.26,3,-0.86,May
32,2014-05-16,1871.55,4,-0.2,May
33,2014-05-19,1879.21,0,0.41,May
34,2014-05-20,1876.51,1,-0.14,May
35,2014-05-21,1881.07,2,0.24,May
36,2014-05-22,1890.86,3,0.52,May
37,2014-05-23,1897.29,4,0.34,May
38,2014-05-27,1907.14,1,0.52,May
39,2014-05-28,1910.88,2,0.2,May
40,2014-05-29,1914.92,3,0.21,May
41,2014-05-30,1920.34,4,0.28,May
42,2014-06-02,1920.93,0,0.03,June
43,2014-06-03,1921.93,1,0.05,June
44,2014-06-04,1923.62,2,0.09,June
45,2014-06-05,1932.34,3,0.45,June
46,2014-06-06,1945.93,4,0.7,June
47,2014-06-09,1951.36,0,0.28,June
48,2014-06-10,1947.75,1,-0.18,June
49,2014-06-11,1944.72,2,-0.16,June
50,2014-06-12,1934.56,3,-0.52,June
51,2014-06-13,1932.5,4,-0.11,June
52,2014-06-16,1936.03,0,0.18,June
53,2014-06-17,1938.62,1,0.13,June
54,2014-06-18,1948.52,2,0.51,June
55,2014-06-19,1956.06,3,0.39,June
56,2014-06-20,1961.54,4,0.28,June
57,2014-06-23,1961.32,0,-0.01,June
58,2014-06-24,1958.26,1,-0.16,June
59,2014-06-25,1954.16,2,-0.21,June
60,2014-06-26,1952.29,3,-0.1,June
61,2014-06-27,1956.82,4,0.23,June
62,2014-06-30,1961.23,0,0.23,June
63,2014-07-01,1970.44,1,0.47,July
64,2014-07-02,1974.62,2,0.21,July
65,2014-07-03,1980.74,3,0.31,July
66,2014-07-07,1979.55,0,-0.06,July
67,2014-07-08,1967.93,1,-0.59,July
68,2014-07-09,1969.62,2,0.09,July
69,2014-07-10,1961.35,3,-0.42,July
70,2014-07-11,1964.15,4,0.14,July
71,2014-07-14,1974.86,0,0.55,July
72,2014-07-15,1973.93,1,-0.05,July
73,2014-07-16,1979.8,2,0.3,July
74,2014-07-17,1968.7,3,-0.56,July
75,2014-07-18,1970.36,4,0.08,July
76,2014-07-21,1971.35,0,0.05,July
77,2014-07-22,1980.95,1,0.49,July
78,2014-07-23,1985.84,2,0.25,July
79,2014-07-24,1988.59,3,0.14,July
80,2014-07-25,1979.48,4,-0.46,July
81,2014-07-28,1974.42,0,-0.26,July
82,2014-07-29,1977.4,1,0.15,July
83,2014-07-30,1970.66,2,-0.34,July
84,2014-07-31,1947.91,3,-1.15,July
85,2014-08-01,1926.86,4,-1.08,August
86,2014-08-04,1932.06,0,0.27,August
87,2014-08-05,1925.05,1,-0.36,August
88,2014-08-06,1919.68,2,-0.28,August
89,2014-08-07,1916.84,3,-0.15,August
90,2014-08-08,1920.7,4,0.2,August
91,2014-08-11,1939.16,0,0.96,August
92,2014-08-12,1933.97,1,-0.27,August
93,2014-08-13,1942.0,2,0.42,August
94,2014-08-14,1951.32,3,0.48,August
95,2014-08-15,1952.77,4,0.07,August
96,2014-08-18,1965.18,0,0.64,August
97,2014-08-19,1977.65,1,0.63,August
98,2014-08-20,1983.12,2,0.28,August
99,2014-08-21,1990.79,3,0.39,August
100,2014-08-22,1989.15,4,-0.08,August
101,2014-08-25,1996.84,0,0.39,August
102,2014-08-26,2001.82,1,0.25,August
103,2014-08-27,1999.17,2,-0.13,August
104,2014-08-28,1994.54,3,-0.23,August
105,2014-08-29,1999.02,4,0.22,August
106,2014-09-02,2000.48,1,0.07,September
107,2014-09-03,2003.71,2,0.16,September
108,2014-09-04,2001.86,3,-0.09,September
109,2014-09-05,1998.9,4,-0.15,September
110,2014-09-08,2001.38,0,0.12,September
111,2014-09-09,1992.81,1,-0.43,September
112,2014-09-10,1989.82,2,-0.15,September
113,2014-09-11,1991.79,3,0.1,September
114,2014-09-12,1988.5,4,-0.17,September
115,2014-09-15,1982.83,0,-0.29,September
116,2014-09-16,1990.67,1,0.4,September
117,2014-09-17,2002.02,2,0.57,September
118,2014-09-18,2007.7,3,0.28,September
119,2014-09-19,2012.92,4,0.26,September
120,2014-09-22,2000.04,0,-0.64,September
121,2014-09-23,1989.09,1,-0.55,September
122,2014-09-24,1989.21,2,0.01,September
123,2014-09-25,1981.66,3,-0.38,September
124,2014-09-26,1976.3,4,-0.27,September
125,2014-09-29,1972.66,0,-0.18,September
126,2014-09-30,1977.06,1,0.22,September
127,2014-10-01,1956.58,2,-1.04,October
128,2014-10-02,1939.18,3,-0.89,October
129,2014-10-03,1959.66,4,1.06,October
130,2014-10-06,1968.14,0,0.43,October
131,2014-10-07,1948.61,1,-0.99,October
132,2014-10-08,1947.8,2,-0.04,October
133,2014-10-09,1947.62,3,-0.01,October
134,2014-10-10,1921.52,4,-1.34,October
135,2014-10-13,1893.12,0,-1.48,October
136,2014-10-14,1885.25,1,-0.42,October
137,2014-10-15,1847.42,2,-2.01,October
138,2014-10-16,1855.52,3,0.44,October
139,2014-10-17,1881.54,4,1.4,October
140,2014-10-20,1893.66,0,0.64,October
141,2014-10-21,1925.92,1,1.7,October
142,2014-10-22,1938.07,2,0.63,October
143,2014-10-23,1946.48,3,0.43,October
144,2014-10-24,1955.77,4,0.48,October
145,2014-10-27,1958.0,0,0.11,October
146,2014-10-28,1974.6,1,0.85,October
147,2014-10-29,1980.22,2,0.28,October
148,2014-10-30,1987.08,3,0.35,October
149,2014-10-31,2009.7,4,1.14,October
150,2014-11-03,2019.07,0,0.47,November
151,2014-11-04,2008.5,1,-0.52,November
152,2014-11-05,2019.1,2,0.53,November
153,2014-11-06,2023.74,3,0.23,November
154,2014-11-07,2029.66,4,0.29,November
155,2014-11-10,2034.44,0,0.24,November
156,2014-11-11,2038.28,1,0.19,November
157,2014-11-12,2036.14,2,-0.1,November
158,2014-11-13,2038.31,3,0.11,November
159,2014-11-14,2038.71,4,0.02,November
160,2014-11-17,2038.76,0,0.0,November
161,2014-11-18,2048.78,1,0.49,November
162,2014-11-19,2046.26,2,-0.12,November
163,2014-11-20,2047.16,3,0.04,November
164,2014-11-21,2064.1,4,0.83,November
165,2014-11-24,2067.62,0,0.17,November
166,2014-11-25,2069.48,1,0.09,November
167,2014-11-26,2069.96,2,0.02,November
168,2014-11-28,2070.41,4,0.02,November
169,2014-12-01,2057.68,0,-0.61,December
170,2014-12-02,2061.27,1,0.17,December
171,2014-12-03,2071.46,2,0.49,December
172,2014-12-04,2069.84,3,-0.08,December
173,2014-12-05,2075.14,4,0.26,December
174,2014-12-08,2065.02,0,-0.49,December
175,2014-12-09,2047.38,1,-0.85,December
176,2014-12-10,2041.56,2,-0.28,December
177,2014-12-11,2041.72,3,0.01,December
178,2014-12-12,2017.29,4,-1.2,December
179,2014-12-15,2000.48,0,-0.83,December
180,2014-12-16,1994.72,1,-0.29,December
181,2014-12-17,1995.26,2,0.03,December
182,2014-12-18,2040.1,3,2.25,December
183,2014-12-19,2069.44,4,1.44,December
184,2014-12-22,2074.02,0,0.22,December
185,2014-12-23,2083.25,1,0.45,December
186,2014-12-24,2084.71,2,0.07,December
187,2014-12-26,2088.5,4,0.18,December
188,2014-12-29,2089.65,0,0.06,December
189,2014-12-30,2084.01,1,-0.27,December
190,2014-12-31,2071.76,2,-0.59,December
191,2015-01-02,2059.2,4,-0.61,January
192,2015-01-05,2035.89,0,-1.13,January
193,2015-01-06,2011.34,1,-1.21,January
194,2015-01-07,2017.58,2,0.31,January
195,2015-01-08,2047.34,3,1.48,January
196,2015-01-09,2051.38,4,0.2,January
197,2015-01-12,2035.94,0,-0.75,January
198,2015-01-13,2032.59,1,-0.16,January
199,2015-01-14,2003.42,2,-1.44,January
200,2015-01-15,2006.41,3,0.15,January
201,2015-01-16,2004.29,4,-0.11,January
202,2015-01-20,2016.72,1,0.62,January
203,2015-01-21,2025.16,2,0.42,January
204,2015-01-22,2045.5,3,1.0,January
205,2015-01-23,2056.76,4,0.55,January
206,2015-01-26,2049.3,0,-0.36,January
207,2015-01-27,2033.88,1,-0.75,January
208,2015-01-28,2021.99,2,-0.58,January
209,2015-01-29,2006.91,3,-0.75,January
210,2015-01-30,2008.35,4,0.07,January
211,2015-02-02,2001.28,0,-0.35,February
212,2015-02-03,2036.5,1,1.76,February
213,2015-02-04,2045.73,2,0.45,February
214,2015-02-05,2053.5,3,0.38,February
215,2015-02-06,2061.18,4,0.37,February
216,2015-02-09,2049.02,0,-0.59,February
217,2015-02-10,2059.74,1,0.52,February
218,2015-02-11,2065.73,2,0.29,February
219,2015-02-12,2079.26,3,0.65,February
220,2015-02-13,2091.86,4,0.61,February
221,2015-02-17,2095.55,1,0.18,February
222,2015-02-18,2096.19,2,0.03,February
223,2015-02-19,2096.46,3,0.01,February
224,2015-02-20,2098.02,4,0.07,February
225,2015-02-23,2106.52,0,0.41,February
226,2015-02-24,2111.9,1,0.26,February
227,2015-02-25,2114.74,2,0.13,February
228,2015-02-26,2108.84,3,-0.28,February
229,2015-02-27,2108.24,4,-0.03,February
230,2015-03-02,2111.01,0,0.13,March
231,2015-03-03,2107.01,1,-0.19,March
232,2015-03-04,2097.67,2,-0.44,March
233,2015-03-05,2099.73,3,0.1,March
234,2015-03-06,2084.09,4,-0.74,March
235,2015-03-09,2077.85,0,-0.3,March
236,2015-03-10,2060.15,1,-0.85,March
237,2015-03-11,2044.88,2,-0.74,March
238,2015-03-12,2053.76,3,0.43,March
239,2015-03-13,2052.86,4,-0.04,March
240,2015-03-16,2068.38,0,0.76,March
241,2015-03-17,2072.84,1,0.22,March
242,2015-03-18,2084.04,2,0.54,March
243,2015-03-19,2092.12,3,0.39,March
244,2015-03-20,2102.12,4,0.48,March
245,2015-03-23,2109.64,0,0.36,March
246,2015-03-24,2099.56,1,-0.48,March
247,2015-03-25,2079.24,2,-0.97,March
248,2015-03-26,2056.32,3,-1.1,March
249,2015-03-27,2057.9,4,0.08,March
250,2015-03-30,2076.54,0,0.91,March
251,2015-03-31,2075.54,1,-0.05,March
252,2015-04-01,2058.0,2,-0.85,April
253,2015-04-02,2064.74,3,0.33,April
254,2015-04-06,2071.76,0,0.34,April
255,2015-04-07,2082.96,1,0.54,April
256,2015-04-08,2080.0,2,-0.14,April
257,2015-04-09,2083.8,3,0.18,April
258,2015-04-10,2097.06,4,0.64,April
259,2015-04-13,2099.99,0,0.14,April
260,2015-04-14,2090.93,1,-0.43,April
261,2015-04-15,2104.86,2,0.67,April
262,2015-04-16,2105.66,3,0.04,April
263,2015-04-17,2087.48,4,-0.86,April
264,2015-04-20,2094.02,0,0.31,April
265,2015-04-21,2102.01,1,0.38,April
266,2015-04-22,2100.52,2,-0.07,April
267,2015-04-23,2111.84,3,0.54,April
268,2015-04-24,2116.86,4,0.24,April
269,2015-04-27,2116.48,0,-0.02,April
270,2015-04-28,2105.49,1,-0.52,April
271,2015-04-29,2105.53,2,0.0,April
272,2015-04-30,2091.56,3,-0.66,April
273,2015-05-01,2097.9,4,0.3,May
274,2015-05-04,2115.59,0,0.84,May
275,2015-05-05,2101.85,1,-0.65,May
276,2015-05-06,2083.18,2,-0.89,May
277,2015-05-07,2083.94,3,0.04,May
278,2015-05-08,2104.9,4,1.01,May
279,2015-05-11,2111.14,0,0.3,May
280,2015-05-12,2095.32,1,-0.75,May
281,2015-05-13,2103.11,2,0.37,May
282,2015-05-14,2110.94,3,0.37,May
283,2015-05-15,2120.34,4,0.45,May
284,2015-05-18,2125.9,0,0.26,May
285,2015-05-19,2128.76,1,0.13,May
286,2015-05-20,2128.65,2,-0.01,May
287,2015-05-21,2128.61,3,-0.0,May
288,2015-05-22,2129.1,4,0.02,May
289,2015-05-26,2112.26,1,-0.79,May
290,2015-05-27,2115.68,2,0.16,May
291,2015-05-28,2117.56,3,0.09,May
292,2015-05-29,2112.77,4,-0.23,May
293,2015-06-01,2110.85,0,-0.09,June
294,2015-06-02,2108.36,1,-0.12,June
295,2015-06-03,2115.77,2,0.35,June
296,2015-06-04,2103.06,3,-0.6,June
297,2015-06-05,2093.33,4,-0.46,June
298,2015-06-08,2086.06,0,-0.35,June
299,2015-06-09,2078.88,1,-0.34,June
300,2015-06-10,2094.81,2,0.77,June
301,2015-06-11,2110.63,3,0.76,June
302,2015-06-12,2099.38,4,-0.53,June
303,2015-06-15,2081.92,0,-0.83,June
304,2015-06-16,2089.75,1,0.38,June
305,2015-06-17,2097.82,2,0.39,June
306,2015-06-18,2114.11,3,0.78,June
307,2015-06-19,2115.54,4,0.07,June
308,2015-06-22,2121.18,0,0.27,June
309,2015-06-23,2123.96,1,0.13,June
310,2015-06-24,2116.84,2,-0.34,June
311,2015-06-25,2108.91,3,-0.37,June
312,2015-06-26,2102.15,4,-0.32,June
313,2015-06-29,2077.64,0,-1.17,June
314,2015-06-30,2065.3,1,-0.59,June
315,2015-07-01,2074.89,2,0.46,July
316,2015-07-02,2078.04,3,0.15,July
317,2015-07-06,2068.5,0,-0.46,July
318,2015-07-07,2063.88,1,-0.22,July
319,2015-07-08,2061.16,2,-0.13,July
320,2015-07-09,2062.0,3,0.04,July
321,2015-07-10,2067.02,4,0.24,July
322,2015-07-13,2090.35,0,1.13,July
323,2015-07-14,2105.08,1,0.7,July
324,2015-07-15,2108.31,2,0.15,July
325,2015-07-16,2117.48,3,0.43,July
326,2015-07-17,2124.4,4,0.33,July
327,2015-07-20,2128.24,0,0.18,July
328,2015-07-21,2121.94,1,-0.3,July
329,2015-07-22,2114.26,2,-0.36,July
330,2015-07-23,2107.75,3,-0.31,July
331,2015-07-24,2091.55,4,-0.77,July
332,2015-07-27,2070.86,0,-0.99,July
333,2015-07-28,2082.35,1,0.55,July
334,2015-07-29,2102.34,2,0.96,July
335,2015-07-30,2102.72,3,0.02,July
336,2015-07-31,2108.15,4,0.26,July
337,2015-08-03,2096.5,0,-0.55,August
338,2015-08-04,2095.56,1,-0.04,August
339,2015-08-05,2103.96,2,0.4,August
340,2015-08-06,2089.43,3,-0.69,August
341,2015-08-07,2075.26,4,-0.68,August
342,2015-08-10,2093.16,0,0.86,August
343,2015-08-11,2089.57,1,-0.17,August
344,2015-08-12,2070.57,2,-0.91,August
345,2015-08-13,2085.6,3,0.73,August
346,2015-08-14,2086.53,4,0.04,August
347,2015-08-17,2091.08,0,0.22,August
348,2015-08-18,2098.8,1,0.37,August
349,2015-08-19,2083.35,2,-0.74,August
350,2015-08-20,2056.17,3,-1.3,August
351,2015-08-21,2002.48,4,-2.61,August
352,2015-08-24,1916.08,0,-4.31,August
353,2015-08-25,1907.56,1,-0.44,August
354,2015-08-26,1907.92,2,0.02,August
355,2015-08-27,1966.18,3,3.05,August
356,2015-08-28,1984.34,4,0.92,August
357,2015-08-31,1976.36,0,-0.4,August
358,2015-09-01,1936.58,1,-2.01,September
359,2015-09-02,1932.72,2,-0.2,September
360,2015-09-03,1959.86,3,1.4,September
361,2015-09-04,1929.48,4,-1.55,September
362,2015-09-08,1948.86,1,1.0,September
363,2015-09-09,1963.26,2,0.74,September
364,2015-09-10,1951.24,3,-0.61,September
365,2015-09-11,1950.12,4,-0.06,September
366,2015-09-14,1955.66,0,0.28,September
367,2015-09-15,1968.74,1,0.67,September
368,2015-09-16,1987.6,2,0.96,September
369,2015-09-17,2003.8,3,0.82,September
370,2015-09-18,1971.56,4,-1.61,September
371,2015-09-21,1967.72,0,-0.19,September
372,2015-09-22,1945.3,1,-1.14,September
373,2015-09-23,1941.04,2,-0.22,September
374,2015-09-24,1923.04,3,-0.93,September
375,2015-09-25,1937.2,4,0.74,September
376,2015-09-28,1904.2,0,-1.7,September
377,2015-09-29,1885.7,1,-0.97,September
378,2015-09-30,1903.84,2,0.96,September
379,2015-10-01,1913.96,3,0.53,October
380,2015-10-02,1922.53,4,0.45,October
381,2015-10-05,1971.75,0,2.56,October
382,2015-10-06,1981.8,1,0.51,October
383,2015-10-07,1987.88,2,0.31,October
384,2015-10-08,2002.02,3,0.71,October
385,2015-10-09,2013.87,4,0.59,October
386,2015-10-12,2014.6,0,0.04,October
387,2015-10-13,2012.06,1,-0.13,October
388,2015-10-14,2000.14,2,-0.59,October
389,2015-10-15,2010.31,3,0.51,October
390,2015-10-16,2027.0,4,0.83,October
391,2015-10-19,2028.38,0,0.07,October
392,2015-10-20,2032.86,1,0.22,October
393,2015-10-21,2027.6,2,-0.26,October
394,2015-10-22,2038.54,3,0.54,October
395,2015-10-23,2068.96,4,1.49,October
396,2015-10-26,2070.84,0,0.09,October
397,2015-10-27,2064.6,1,-0.3,October
398,2015-10-28,2076.73,2,0.59,October
399,2015-10-29,2087.57,3,0.52,October
400,2015-10-30,2086.83,4,-0.04,October
401,2015-11-02,2093.48,0,0.32,November
402,2015-11-03,2107.0,1,0.65,November
403,2015-11-04,2105.78,2,-0.06,November
404,2015-11-05,2099.6,3,-0.29,November
405,2015-11-06,2092.82,4,-0.32,November
406,2015-11-09,2082.4,0,-0.5,November
407,2015-11-10,2076.79,1,-0.27,November
408,2015-11-11,2080.9,2,0.2,November
409,2015-11-12,2058.98,3,-1.05,November
410,2015-11-13,2033.33,4,-1.25,November
411,2015-11-16,2036.3,0,0.15,November
412,2015-11-17,2056.3,1,0.98,November
413,2015-11-18,2068.65,2,0.6,November
414,2015-11-19,2082.75,3,0.68,November
415,2015-11-20,2089.94,4,0.35,November
416,2015-11-23,2088.5,0,-0.07,November
417,2015-11-24,2082.2,1,-0.3,November
418,2015-11-25,2089.65,2,0.36,November
419,2015-11-27,2088.71,4,-0.04,November
420,2015-11-30,2087.11,0,-0.08,November
421,2015-12-01,2093.15,1,0.29,December
422,2015-12-02,2090.69,2,-0.12,December
423,2015-12-03,2063.68,3,-1.29,December
424,2015-12-04,2072.54,4,0.43,December
425,2015-12-07,2078.6,0,0.29,December
426,2015-12-08,2063.08,1,-0.75,December
427,2015-12-09,2058.43,2,-0.23,December
428,2015-12-10,2056.66,3,-0.09,December
429,2015-12-11,2028.04,4,-1.39,December
430,2015-12-14,2008.09,0,-0.98,December
431,2015-12-15,2039.71,1,1.57,December
432,2015-12-16,2059.57,2,0.97,December
433,2015-12-17,2059.02,3,-0.03,December
434,2015-12-18,2023.07,4,-1.75,December
435,2015-12-21,2014.42,0,-0.43,December
436,2015-12-22,2031.62,1,0.85,December
437,2015-12-23,2053.46,2,1.08,December
438,2015-12-24,2063.04,3,0.47,December
439,2015-12-28,2050.98,0,-0.58,December
440,2015-12-29,2071.05,1,0.98,December
441,2015-12-30,2069.65,2,-0.07,December
442,2015-12-31,2053.08,3,-0.8,December
443,2016-01-04,2013.94,0,-1.91,January
444,2016-01-05,2013.06,1,-0.04,January
445,2016-01-06,1995.38,2,-0.88,January
446,2016-01-07,1962.07,3,-1.67,January
447,2016-01-08,1939.43,4,-1.15,January
448,2016-01-11,1918.38,0,-1.09,January
449,2016-01-12,1930.86,1,0.65,January
450,2016-01-13,1918.37,2,-0.65,January
451,2016-01-14,1906.7,3,-0.61,January
452,2016-01-15,1887.26,4,-1.02,January
453,2016-01-19,1883.02,1,-0.22,January
454,2016-01-20,1844.24,2,-2.06,January
455,2016-01-21,1869.42,3,1.37,January
456,2016-01-22,1893.12,4,1.27,January
457,2016-01-25,1891.12,0,-0.11,January
458,2016-01-26,1892.76,1,0.09,January
459,2016-01-27,1894.84,2,0.11,January
460,2016-01-28,1888.3,3,-0.35,January
461,2016-01-29,1917.12,4,1.53,January
462,2016-02-01,1933.75,0,0.87,February
463,2016-02-02,1916.28,1,-0.9,February
464,2016-02-03,1895.12,2,-1.1,February
465,2016-02-04,1913.94,3,0.99,February
466,2016-02-05,1892.86,4,-1.1,February
467,2016-02-08,1850.86,0,-2.22,February
468,2016-02-09,1851.6,1,0.04,February
469,2016-02-10,1865.96,2,0.78,February
470,2016-02-11,1828.55,3,-2.0,February
471,2016-02-12,1849.09,4,1.12,February
472,2016-02-16,1883.6,1,1.87,February
473,2016-02-17,1914.74,2,1.65,February
474,2016-02-18,1922.54,3,0.41,February
475,2016-02-19,1910.48,4,-0.63,February
476,2016-02-22,1935.57,0,1.31,February
477,2016-02-23,1930.91,1,-0.24,February
478,2016-02-24,1911.54,2,-1.0,February
479,2016-02-25,1938.62,3,1.42,February
480,2016-02-26,1954.37,4,0.81,February
481,2016-02-29,1945.04,0,-0.48,February
482,2016-03-01,1957.72,1,0.65,March
483,2016-03-02,1977.66,2,1.02,March
484,2016-03-03,1985.53,3,0.4,March
485,2016-03-04,1997.95,4,0.63,March
486,2016-03-07,1997.75,0,-0.01,March
487,2016-03-08,1987.16,1,-0.53,March
488,2016-03-09,1986.26,2,-0.05,March
489,2016-03-10,1987.16,3,0.05,March
490,2016-03-11,2008.54,4,1.08,March
491,2016-03-14,2018.31,0,0.49,March
492,2016-03-15,2010.58,1,-0.38,March
493,2016-03-16,2021.03,2,0.52,March
494,2016-03-17,2034.2,3,0.65,March
495,2016-03-18,2046.76,4,0.62,March
496,2016-03-21,2048.52,0,0.09,March
497,2016-03-22,2048.58,1,0.0,March
498,2016-03-23,2041.7,2,-0.34,March
499,2016-03-24,2029.26,3,-0.61,March
500,2016-03-28,2037.32,0,0.4,March
501,2016-03-29,2042.11,1,0.24,March
502,2016-03-30,2065.24,2,1.13,March
503,2016-03-31,2062.69,3,-0.12,March
504,2016-04-01,2059.52,4,-0.15,April
505,2016-04-04,2068.3,0,0.43,April
506,2016-04-05,2052.53,1,-0.76,April
507,2016-04-06,2055.21,2,0.13,April
508,2016-04-07,2048.41,3,-0.33,April
509,2016-04-08,2051.16,4,0.13,April
510,2016-04-11,2052.4,0,0.06,April
511,2016-04-12,2052.4,1,0.0,April
512,2016-04-13,2074.55,2,1.08,April
513,2016-04-14,2082.98,3,0.41,April
514,2016-04-15,2079.76,4,-0.15,April
515,2016-04-18,2084.15,0,0.21,April
516,2016-04-19,2097.86,1,0.66,April
517,2016-04-20,2103.69,2,0.28,April
518,2016-04-21,2096.15,3,-0.36,April
519,2016-04-22,2087.76,4,-0.4,April
520,2016-04-25,2083.44,0,-0.21,April
521,2016-04-26,2091.34,1,0.38,April
522,2016-04-27,2091.1,2,-0.01,April
523,2016-04-28,2085.46,3,-0.27,April
524,2016-04-29,2063.06,4,-1.07,April
525,2016-05-02,2074.77,0,0.57,May
526,2016-05-03,2066.04,1,-0.42,May
527,2016-05-04,2052.93,2,-0.63,May
528,2016-05-05,2053.0,3,0.0,May
529,2016-05-06,2048.58,4,-0.22,May
530,2016-05-09,2059.23,0,0.52,May
531,2016-05-10,2073.75,1,0.71,May
532,2016-05-11,2073.88,2,0.01,May
533,2016-05-12,2063.56,3,-0.5,May
534,2016-05-13,2054.96,4,-0.42,May
535,2016-05-16,2059.2,0,0.21,May
536,2016-05-17,2053.26,1,-0.29,May
537,2016-05-18,2047.55,2,-0.28,May
538,2016-05-19,2035.06,3,-0.61,May
539,2016-05-20,2050.11,4,0.74,May
540,2016-05-23,2051.42,0,0.06,May
541,2016-05-24,2066.16,1,0.72,May
542,2016-05-25,2086.83,2,1.0,May
543,2016-05-26,2090.69,3,0.18,May
544,2016-05-27,2094.56,4,0.19,May
545,2016-05-31,2096.07,1,0.07,May
546,2016-06-01,2093.04,2,-0.14,June
547,2016-06-02,2096.93,3,0.19,June
548,2016-06-03,2094.72,4,-0.11,June
549,2016-06-06,2107.1,0,0.59,June
550,2016-06-07,2114.7,1,0.36,June
551,2016-06-08,2116.63,2,0.09,June
552,2016-06-09,2112.68,3,-0.19,June
553,2016-06-10,2099.77,4,-0.61,June
554,2016-06-13,2088.29,0,-0.55,June
555,2016-06-14,2072.7,1,-0.75,June
556,2016-06-15,2077.73,2,0.24,June
557,2016-06-16,2065.0,3,-0.61,June
558,2016-06-17,2070.52,4,0.27,June
559,2016-06-20,2088.12,0,0.85,June
560,2016-06-21,2088.34,1,0.01,June
561,2016-06-22,2092.04,2,0.18,June
562,2016-06-23,2103.06,3,0.53,June
563,2016-06-24,2068.19,4,-1.66,June
564,2016-06-27,2011.56,0,-2.74,June
565,2016-06-28,2021.38,1,0.49,June
566,2016-06-29,2057.91,2,1.81,June
567,2016-06-30,2084.47,3,1.29,June
568,2016-07-01,2103.31,4,0.9,July
569,2016-07-05,2087.96,1,-0.73,July
570,2016-07-06,2087.37,2,-0.03,July
571,2016-07-07,2099.23,3,0.57,July
572,2016-07-08,2119.34,4,0.96,July
573,2016-07-11,2137.44,0,0.85,July
574,2016-07-12,2147.45,1,0.47,July
575,2016-07-13,2151.33,2,0.18,July
576,2016-07-14,2163.44,3,0.56,July
577,2016-07-15,2162.42,4,-0.05,July
578,2016-07-18,2163.99,0,0.07,July
579,2016-07-19,2161.82,1,-0.1,July
580,2016-07-20,2170.26,2,0.39,July
581,2016-07-21,2167.15,3,-0.14,July
582,2016-07-22,2169.18,4,0.09,July
583,2016-07-25,2167.83,0,-0.06,July
584,2016-07-26,2166.86,1,-0.04,July
585,2016-07-27,2167.02,2,0.01,July
586,2016-07-28,2166.3,3,-0.03,July
587,2016-07-29,2170.29,4,0.18,July
588,2016-08-01,2172.25,0,0.09,August
589,2016-08-02,2158.89,1,-0.62,August
590,2016-08-03,2158.18,2,-0.03,August
591,2016-08-04,2163.63,3,0.25,August
592,2016-08-05,2175.83,4,0.56,August
593,2016-08-08,2181.64,0,0.27,August
594,2016-08-09,2183.14,1,0.07,August
595,2016-08-10,2177.7,2,-0.25,August
596,2016-08-11,2183.21,3,0.25,August
597,2016-08-12,2182.85,4,-0.02,August
598,2016-08-15,2189.94,0,0.32,August
599,2016-08-16,2182.19,1,-0.35,August
600,2016-08-17,2175.79,2,-0.29,August
601,2016-08-18,2183.74,3,0.37,August
602,2016-08-19,2180.06,4,-0.17,August
603,2016-08-22,2180.56,0,0.02,August
604,2016-08-23,2190.11,1,0.44,August
605,2016-08-24,2178.96,2,-0.51,August
606,2016-08-25,2174.37,3,-0.21,August
607,2016-08-26,2174.16,4,-0.01,August
608,2016-08-29,2176.84,0,0.12,August
609,2016-08-30,2176.34,1,-0.02,August
610,2016-08-31,2167.57,2,-0.4,August
611,2016-09-01,2165.32,3,-0.1,September
612,2016-09-02,2179.23,4,0.64,September
613,2016-09-06,2180.84,1,0.07,September
614,2016-09-07,2183.47,2,0.12,September
615,2016-09-08,2181.22,3,-0.1,September
616,2016-09-09,2148.44,4,-1.5,September
617,2016-09-12,2141.21,0,-0.34,September
618,2016-09-13,2135.37,1,-0.27,September
619,2016-09-14,2130.61,2,-0.22,September
620,2016-09-15,2136.84,3,0.29,September
621,2016-09-16,2138.84,4,0.09,September
622,2016-09-19,2144.76,0,0.28,September
623,2016-09-20,2144.98,1,0.01,September
624,2016-09-21,2152.34,2,0.34,September
625,2016-09-22,2175.46,3,1.07,September
626,2016-09-23,2168.86,4,-0.3,September
627,2016-09-26,2151.79,0,-0.79,September
628,2016-09-27,2151.34,1,-0.02,September
629,2016-09-28,2162.1,2,0.5,September
630,2016-09-29,2158.94,3,-0.15,September
631,2016-09-30,2165.91,4,0.32,September
632,2016-10-03,2159.59,0,-0.29,October
633,2016-10-04,2154.74,1,-0.22,October
634,2016-10-05,2159.55,2,0.22,October
635,2016-10-06,2156.6,3,-0.14,October
636,2016-10-07,2155.36,4,-0.06,October
637,2016-10-10,2165.0,0,0.45,October
638,2016-10-11,2145.2,1,-0.91,October
639,2016-10-12,2139.06,2,-0.29,October
640,2016-10-13,2126.46,3,-0.59,October
641,2016-10-14,2141.08,4,0.69,October
642,2016-10-17,2130.02,0,-0.52,October
643,2016-10-18,2139.94,1,0.47,October
644,2016-10-19,2143.3,2,0.16,October
645,2016-10-20,2140.31,3,-0.14,October
646,2016-10-21,2136.36,4,-0.18,October
647,2016-10-24,2150.85,0,0.68,October
648,2016-10-25,2146.68,1,-0.19,October
649,2016-10-26,2138.66,2,-0.37,October
650,2016-10-27,2139.82,3,0.05,October
651,2016-10-28,2130.04,4,-0.46,October
652,2016-10-31,2129.39,0,-0.03,October
653,2016-11-01,2114.65,1,-0.69,November
654,2016-11-02,2102.88,2,-0.56,November
655,2016-11-03,2093.9,3,-0.43,November
656,2016-11-04,2091.43,4,-0.12,November
657,2016-11-07,2116.3,0,1.19,November
658,2016-11-08,2135.22,1,0.89,November
659,2016-11-09,2147.72,2,0.59,November
660,2016-11-10,2166.74,3,0.89,November
661,2016-11-11,2159.2,4,-0.35,November
662,2016-11-14,2163.72,0,0.21,November
663,2016-11-15,2173.61,1,0.46,November
664,2016-11-16,2175.71,2,0.1,November
665,2016-11-17,2182.36,3,0.31,November
666,2016-11-18,2185.14,4,0.13,November
667,2016-11-21,2192.56,0,0.34,November
668,2016-11-22,2199.66,1,0.32,November
669,2016-11-23,2199.61,2,-0.0,November
670,2016-11-25,2209.81,4,0.46,November
671,2016-11-28,2205.75,0,-0.18,November
672,2016-11-29,2204.31,1,-0.07,November
673,2016-11-30,2206.46,2,0.1,November
674,2016-12-01,2195.02,3,-0.52,December
675,2016-12-02,2193.16,4,-0.08,December
676,2016-12-05,2204.69,0,0.53,December
677,2016-12-06,2207.5,1,0.13,December
678,2016-12-07,2225.28,2,0.81,December
679,2016-12-08,2244.63,3,0.87,December
680,2016-12-09,2254.52,4,0.44,December
681,2016-12-12,2258.2,0,0.16,December
682,2016-12-13,2270.43,1,0.54,December
683,2016-12-14,2262.32,2,-0.36,December
684,2016-12-15,2262.94,3,0.03,December
685,2016-12-16,2261.14,4,-0.08,December
686,2016-12-19,2262.84,0,0.08,December
687,2016-12-20,2269.35,1,0.29,December
688,2016-12-21,2268.19,2,-0.05,December
689,2016-12-22,2259.63,3,-0.38,December
690,2016-12-23,2261.32,4,0.07,December
691,2016-12-27,2269.98,1,0.38,December
692,2016-12-28,2260.21,2,-0.43,December
693,2016-12-29,2249.54,3,-0.47,December
694,2016-12-30,2243.6,4,-0.26,December
695,2017-01-03,2254.5,1,0.49,January
696,2017-01-04,2267.21,2,0.56,January
697,2017-01-05,2265.98,3,-0.05,January
698,2017-01-06,2273.08,4,0.31,January
699,2017-01-09,2272.19,0,-0.04,January
700,2017-01-10,2272.27,1,0.0,January
701,2017-01-11,2268.07,2,-0.18,January
702,2017-01-12,2263.02,3,-0.22,January
703,2017-01-13,2275.1,4,0.53,January
704,2017-01-17,2267.44,1,-0.34,January
705,2017-01-18,2267.68,2,0.01,January
706,2017-01-19,2266.37,3,-0.06,January
707,2017-01-20,2270.98,4,0.2,January
708,2017-01-23,2264.4,0,-0.29,January
709,2017-01-24,2275.65,1,0.5,January
710,2017-01-25,2294.22,2,0.82,January
711,2017-01-26,2297.54,3,0.14,January
712,2017-01-27,2295.32,4,-0.1,January
713,2017-01-30,2277.02,0,-0.8,January
714,2017-01-31,2273.15,1,-0.17,January
715,2017-02-01,2280.79,2,0.34,February
716,2017-02-02,2277.81,3,-0.13,February
717,2017-02-03,2293.1,4,0.67,February
718,2017-02-06,2292.38,0,-0.03,February
719,2017-02-07,2294.78,1,0.1,February
720,2017-02-08,2290.64,2,-0.18,February
721,2017-02-09,2303.85,3,0.58,February
722,2017-02-10,2315.16,4,0.49,February
723,2017-02-13,2326.5,0,0.49,February
724,2017-02-14,2329.88,1,0.15,February
725,2017-02-15,2343.06,2,0.57,February
726,2017-02-16,2345.09,3,0.09,February
727,2017-02-17,2345.37,4,0.01,February
728,2017-02-21,2360.81,1,0.66,February
729,2017-02-22,2361.74,2,0.04,February
730,2017-02-23,2361.68,3,-0.0,February
731,2017-02-24,2360.1,4,-0.07,February
732,2017-02-27,2366.7,0,0.28,February
733,2017-02-28,2363.38,1,-0.14,February
734,2017-03-01,2390.56,2,1.15,March
735,2017-03-02,2387.46,3,-0.13,March
736,2017-03-03,2379.64,4,-0.33,March
737,2017-03-06,2373.39,0,-0.26,March
738,2017-03-07,2370.32,1,-0.13,March
739,2017-03-08,2367.05,2,-0.14,March
740,2017-03-09,2361.81,3,-0.22,March
741,2017-03-10,2369.95,4,0.34,March
742,2017-03-13,2371.47,0,0.06,March
743,2017-03-14,2363.36,1,-0.34,March
744,2017-03-15,2379.48,2,0.68,March
745,2017-03-16,2382.64,3,0.13,March
746,2017-03-17,2381.68,4,-0.04,March
747,2017-03-20,2374.6,0,-0.3,March
748,2017-03-21,2361.92,1,-0.53,March
749,2017-03-22,2344.13,2,-0.75,March
750,2017-03-23,2350.52,3,0.27,March
751,2017-03-24,2345.98,4,-0.19,March
752,2017-03-27,2333.57,0,-0.53,March
753,2017-03-28,2350.7,1,0.73,March
754,2017-03-29,2358.15,2,0.32,March
755,2017-03-30,2364.5,3,0.27,March
756,2017-03-31,2366.48,4,0.08,March
757,2017-04-03,2355.3,0,-0.47,April
758,2017-04-04,2355.62,1,0.01,April
759,2017-04-05,2364.44,2,0.37,April
760,2017-04-06,2356.53,3,-0.33,April
761,2017-04-07,2357.25,4,0.03,April
762,2017-04-10,2358.94,0,0.07,April
763,2017-04-11,2346.23,1,-0.54,April
764,2017-04-12,2346.95,2,0.03,April
765,2017-04-13,2338.6,3,-0.36,April
766,2017-04-17,2340.82,0,0.09,April
767,2017-04-18,2341.44,1,0.03,April
768,2017-04-19,2343.84,2,0.1,April
769,2017-04-20,2351.14,3,0.31,April
770,2017-04-21,2350.35,4,-0.03,April
771,2017-04-24,2373.08,0,0.97,April
772,2017-04-25,2386.82,1,0.58,April
773,2017-04-26,2392.46,2,0.24,April
774,2017-04-27,2387.39,3,-0.21,April
775,2017-04-28,2388.02,4,0.03,April
776,2017-05-01,2389.66,0,0.07,May
777,2017-05-02,2389.38,1,-0.01,May
778,2017-05-03,2384.78,2,-0.19,May
779,2017-05-04,2385.89,3,0.05,May
780,2017-05-05,2394.34,4,0.35,May
781,2017-05-08,2397.64,0,0.14,May
782,2017-05-09,2398.15,1,0.02,May
783,2017-05-10,2396.26,2,-0.08,May
784,2017-05-11,2388.73,3,-0.31,May
785,2017-05-12,2389.82,4,0.05,May
786,2017-05-15,2399.0,0,0.38,May
787,2017-05-16,2400.91,1,0.08,May
788,2017-05-17,2370.54,2,-1.26,May
789,2017-05-18,2364.23,3,-0.27,May
790,2017-05-19,2379.74,4,0.66,May
791,2017-05-22,2391.19,0,0.48,May
792,2017-05-23,2397.36,1,0.26,May
793,2017-05-24,2401.78,2,0.18,May
794,2017-05-25,2413.36,3,0.48,May
795,2017-05-26,2414.44,4,0.04,May
796,2017-05-30,2412.35,1,-0.09,May
797,2017-05-31,2409.79,2,-0.11,May
798,2017-06-01,2421.8,3,0.5,June
799,2017-06-02,2433.97,4,0.5,June
800,2017-06-05,2436.94,0,0.12,June
801,2017-06-06,2432.16,1,-0.2,June
802,2017-06-07,2430.02,2,-0.09,June
803,2017-06-08,2433.6,3,0.15,June
804,2017-06-09,2430.95,4,-0.11,June
805,2017-06-12,2425.18,0,-0.24,June
806,2017-06-13,2436.39,1,0.46,June
807,2017-06-14,2436.04,2,-0.01,June
808,2017-06-15,2426.24,3,-0.4,June
809,2017-06-16,2428.02,4,0.07,June
810,2017-06-19,2447.81,0,0.82,June
811,2017-06-20,2443.63,1,-0.17,June
812,2017-06-21,2436.48,2,-0.29,June
813,2017-06-22,2437.44,3,0.04,June
814,2017-06-23,2436.26,4,-0.05,June
815,2017-06-26,2443.73,0,0.31,June
816,2017-06-27,2429.77,1,-0.57,June
817,2017-06-28,2435.5,2,0.24,June
818,2017-06-29,2424.22,3,-0.46,June
819,2017-06-30,2427.18,4,0.12,June
820,2017-07-03,2433.93,0,0.28,July
821,2017-07-05,2428.48,2,-0.22,July
822,2017-07-06,2415.99,3,-0.51,July
823,2017-07-07,2420.22,4,0.18,July
824,2017-07-10,2427.14,0,0.29,July
825,2017-07-11,2421.04,1,-0.25,July
826,2017-07-12,2440.76,2,0.81,July
827,2017-07-13,2445.5,3,0.19,July
828,2017-07-14,2455.11,4,0.39,July
829,2017-07-17,2459.99,0,0.2,July
830,2017-07-18,2455.63,1,-0.18,July
831,2017-07-19,2468.84,2,0.54,July
832,2017-07-20,2473.02,3,0.17,July
833,2017-07-21,2468.8,4,-0.17,July
834,2017-07-24,2469.71,0,0.04,July
835,2017-07-25,2478.07,1,0.34,July
836,2017-07-26,2478.32,2,0.01,July
837,2017-07-27,2471.98,3,-0.26,July
838,2017-07-28,2469.1,4,-0.12,July
839,2017-07-31,2473.24,0,0.17,July
840,2017-08-01,2474.82,1,0.06,August
841,2017-08-02,2473.43,2,-0.06,August
842,2017-08-03,2472.44,3,-0.04,August
843,2017-08-04,2476.04,4,0.15,August
844,2017-08-07,2478.42,0,0.1,August
845,2017-08-08,2480.6,1,0.09,August
846,2017-08-09,2468.24,2,-0.5,August
847,2017-08-10,2451.56,3,-0.68,August
848,2017-08-11,2442.97,4,-0.35,August
849,2017-08-14,2461.59,0,0.76,August
850,2017-08-15,2465.26,1,0.15,August
851,2017-08-16,2469.4,2,0.17,August
852,2017-08-17,2447.52,3,-0.89,August
853,2017-08-18,2430.48,4,-0.7,August
854,2017-08-21,2423.96,0,-0.27,August
855,2017-08-22,2444.22,1,0.84,August
856,2017-08-23,2445.16,2,0.04,August
857,2017-08-24,2443.29,3,-0.08,August
858,2017-08-25,2448.09,4,0.2,August
859,2017-08-28,2444.07,0,-0.16,August
860,2017-08-29,2438.69,1,-0.22,August
861,2017-08-30,2452.04,2,0.55,August
862,2017-08-31,2468.83,3,0.68,August
863,2017-09-01,2477.11,4,0.34,September
864,2017-09-05,2459.26,1,-0.72,September
865,2017-09-06,2464.42,2,0.21,September
866,2017-09-07,2464.46,3,0.0,September
867,2017-09-08,2463.26,4,-0.05,September
868,2017-09-11,2481.73,0,0.75,September
869,2017-09-12,2493.57,1,0.48,September
870,2017-09-13,2495.26,2,0.07,September
871,2017-09-14,2494.89,3,-0.01,September
872,2017-09-15,2496.69,4,0.07,September
873,2017-09-18,2504.12,0,0.3,September
874,2017-09-19,2505.52,1,0.06,September
875,2017-09-20,2502.76,2,-0.11,September
876,2017-09-21,2503.08,3,0.01,September
877,2017-09-22,2500.0,4,-0.12,September
878,2017-09-25,2495.28,0,-0.19,September
879,2017-09-26,2499.32,1,0.16,September
880,2017-09-27,2503.83,2,0.18,September
881,2017-09-28,2506.87,3,0.12,September
882,2017-09-29,2513.72,4,0.27,September
883,2017-10-02,2524.82,0,0.44,October
884,2017-10-03,2531.99,1,0.28,October
885,2017-10-04,2536.16,2,0.16,October
886,2017-10-05,2546.27,3,0.4,October
887,2017-10-06,2546.6,4,0.01,October
888,2017-10-09,2546.71,0,0.0,October
889,2017-10-10,2550.04,1,0.13,October
890,2017-10-11,2551.59,2,0.06,October
891,2017-10-12,2551.82,3,0.01,October
892,2017-10-13,2554.87,4,0.12,October
893,2017-10-16,2556.05,0,0.05,October
894,2017-10-17,2557.2,1,0.04,October
895,2017-10-18,2561.89,2,0.18,October
896,2017-10-19,2555.14,3,-0.26,October
897,2017-10-20,2571.5,4,0.64,October
898,2017-10-23,2571.31,0,-0.01,October
899,2017-10-24,2568.88,1,-0.09,October
900,2017-10-25,2555.7,2,-0.51,October
901,2017-10-26,2563.44,3,0.3,October
902,2017-10-27,2574.46,4,0.43,October
903,2017-10-30,2574.14,0,-0.01,October
904,2017-10-31,2575.22,1,0.04,October
905,2017-11-01,2581.66,2,0.25,November
906,2017-11-02,2573.64,3,-0.31,November
907,2017-11-03,2582.6,4,0.35,November
908,2017-11-06,2589.52,0,0.27,November
909,2017-11-07,2590.68,1,0.04,November
910,2017-11-08,2590.24,2,-0.02,November
911,2017-11-09,2576.42,3,-0.53,November
912,2017-11-10,2579.69,4,0.13,November
913,2017-11-13,2581.07,0,0.05,November
914,2017-11-14,2573.11,1,-0.31,November
915,2017-11-15,2565.14,2,-0.31,November
916,2017-11-16,2581.52,3,0.64,November
917,2017-11-17,2580.79,4,-0.03,November
918,2017-11-20,2581.44,0,0.03,November
919,2017-11-21,2595.18,1,0.53,November
920,2017-11-22,2598.08,2,0.11,November
921,2017-11-24,2602.32,4,0.16,November
922,2017-11-27,2602.64,0,0.01,November
923,2017-11-28,2616.56,1,0.53,November
924,2017-11-29,2627.6,2,0.42,November
925,2017-11-30,2645.84,3,0.69,November
926,2017-12-01,2628.07,4,-0.67,December
927,2017-12-04,2652.11,0,0.91,December
928,2017-12-05,2638.22,1,-0.52,December
929,2017-12-06,2629.58,2,-0.33,December
930,2017-12-07,2633.76,3,0.16,December
931,2017-12-08,2647.88,4,0.54,December
932,2017-12-11,2655.9,0,0.3,December
933,2017-12-12,2664.75,1,0.33,December
934,2017-12-13,2667.36,2,0.1,December
935,2017-12-14,2660.05,3,-0.27,December
936,2017-12-15,2669.38,4,0.35,December
937,2017-12-18,2690.44,0,0.79,December
938,2017-12-19,2687.59,1,-0.11,December
939,2017-12-20,2683.56,2,-0.15,December
940,2017-12-21,2687.52,3,0.15,December
941,2017-12-22,2681.74,4,-0.22,December
942,2017-12-26,2680.35,1,-0.05,December
943,2017-12-27,2682.27,2,0.07,December
944,2017-12-28,2685.18,3,0.11,December
945,2017-12-29,2682.86,4,-0.09,December
946,2018-01-02,2689.12,1,0.23,January
947,2018-01-03,2706.07,2,0.63,January
948,2018-01-04,2724.18,3,0.67,January
949,2018-01-05,2735.68,4,0.42,January
950,2018-01-08,2743.06,0,0.27,January
951,2018-01-09,2753.5,1,0.38,January
952,2018-01-10,2743.43,2,-0.37,January
953,2018-01-11,2760.17,3,0.61,January
954,2018-01-12,2778.74,4,0.67,January
955,2018-01-16,2788.09,1,0.34,January
956,2018-01-17,2792.71,2,0.17,January
957,2018-01-18,2799.2,3,0.23,January
958,2018-01-19,2804.2,4,0.18,January
959,2018-01-22,2820.58,0,0.58,January
960,2018-01-23,2836.42,1,0.56,January
961,2018-01-24,2838.89,2,0.09,January
962,2018-01-25,2839.75,3,0.03,January
963,2018-01-26,2859.52,4,0.7,January
964,2018-01-29,2861.05,0,0.05,January
965,2018-01-30,2828.01,1,-1.15,January
966,2018-01-31,2826.15,2,-0.07,January
967,2018-02-01,2824.33,3,-0.06,February
968,2018-02-02,2784.44,4,-1.41,February
969,2018-02-05,2700.78,0,-3.0,February
970,2018-02-06,2647.06,1,-1.99,February
971,2018-02-07,2704.5,2,2.17,February
972,2018-02-08,2632.92,3,-2.65,February
973,2018-02-09,2585.68,4,-1.79,February
974,2018-02-12,2647.53,0,2.39,February
975,2018-02-13,2652.96,1,0.21,February
976,2018-02-14,2675.48,2,0.85,February
977,2018-02-15,2710.66,3,1.31,February
978,2018-02-16,2739.77,4,1.07,February
979,2018-02-20,2722.18,1,-0.64,February
980,2018-02-21,2724.52,2,0.09,February
981,2018-02-22,2714.52,3,-0.37,February
982,2018-02-23,2730.75,4,0.6,February
983,2018-02-26,2767.21,0,1.34,February
984,2018-02-27,2766.68,1,-0.02,February
985,2018-02-28,2737.53,2,-1.05,February
986,2018-03-01,2695.27,3,-1.54,March
987,2018-03-02,2671.78,4,-0.87,March
988,2018-03-05,2701.92,0,1.13,March
989,2018-03-06,2721.67,1,0.73,March
990,2018-03-07,2716.17,2,-0.2,March
991,2018-03-08,2731.55,3,0.57,March
992,2018-03-09,2769.06,4,1.37,March
993,2018-03-12,2788.12,0,0.69,March
994,2018-03-13,2780.29,1,-0.28,March
995,2018-03-14,2760.74,2,-0.7,March
996,2018-03-15,2752.25,3,-0.31,March
997,2018-03-16,2755.91,4,0.13,March
998,2018-03-19,2717.98,0,-1.38,March
999,2018-03-20,2717.14,1,-0.03,March
1000,2018-03-21,2724.46,2,0.27,March
1001,2018-03-22,2668.64,3,-2.05,March
1002,2018-03-23,2621.78,4,-1.76,March
1003,2018-03-26,2631.58,0,0.37,March
1004,2018-03-27,2635.45,1,0.15,March
1005,2018-03-28,2612.86,2,-0.86,March
1006,2018-03-29,2634.4,3,0.82,March
1007,2018-04-02,2596.05,0,-1.46,April
1008,2018-04-03,2597.31,1,0.05,April
1009,2018-04-04,2611.74,2,0.56,April
1010,2018-04-05,2660.83,3,1.88,April
1011,2018-04-06,2621.58,4,-1.48,April
1012,2018-04-09,2632.17,0,0.4,April
1013,2018-04-10,2650.62,1,0.7,April
1014,2018-04-11,2650.34,2,-0.01,April
1015,2018-04-12,2664.27,3,0.53,April
1016,2018-04-13,2662.66,4,-0.06,April
1017,2018-04-16,2675.82,0,0.49,April
1018,2018-04-17,2702.7,1,1.0,April
1019,2018-04-18,2710.56,2,0.29,April
1020,2018-04-19,2692.37,3,-0.67,April
1021,2018-04-20,2677.28,4,-0.56,April
1022,2018-04-23,2670.42,0,-0.26,April
1023,2018-04-24,2650.44,1,-0.75,April
1024,2018-04-25,2628.98,2,-0.81,April
1025,2018-04-26,2661.82,3,1.25,April
1026,2018-04-27,2668.18,4,0.24,April
1027,2018-04-30,2665.48,0,-0.1,April
1028,2018-05-01,2640.34,1,-0.94,May
1029,2018-05-02,2646.28,2,0.22,May
1030,2018-05-03,2615.88,3,-1.15,May
1031,2018-05-04,2643.12,4,1.04,May
1032,2018-05-07,2674.02,0,1.17,May
1033,2018-05-08,2665.77,1,-0.31,May
1034,2018-05-09,2687.7,2,0.82,May
1035,2018-05-10,2715.32,3,1.03,May
1036,2018-05-11,2725.16,4,0.36,May
1037,2018-05-14,2733.78,0,0.32,May
1038,2018-05-15,2710.25,1,-0.86,May
1039,2018-05-16,2719.96,2,0.36,May
1040,2018-05-17,2721.66,3,0.06,May
1041,2018-05-18,2714.34,4,-0.27,May
1042,2018-05-21,2732.44,0,0.67,May
1043,2018-05-22,2732.06,1,-0.01,May
1044,2018-05-23,2721.44,2,-0.39,May
1045,2018-05-24,2719.68,3,-0.06,May
1046,2018-05-25,2721.18,4,0.06,May
1047,2018-05-29,2693.74,1,-1.01,May
1048,2018-05-30,2715.88,2,0.82,May
1049,2018-05-31,2711.59,3,-0.16,May
1050,2018-06-01,2727.81,4,0.6,June
1051,2018-06-04,2744.85,0,0.62,June
1052,2018-06-05,2746.06,1,0.04,June
1053,2018-06-06,2760.42,2,0.52,June
1054,2018-06-07,2770.03,3,0.35,June
1055,2018-06-08,2771.49,4,0.05,June
1056,2018-06-11,2785.19,0,0.49,June
1057,2018-06-12,2784.29,1,-0.03,June
1058,2018-06-13,2783.06,2,-0.04,June
1059,2018-06-14,2782.79,3,-0.01,June
1060,2018-06-15,2772.27,4,-0.38,June
1061,2018-06-18,2766.06,0,-0.22,June
1062,2018-06-19,2754.12,1,-0.43,June
1063,2018-06-20,2769.38,2,0.55,June
1064,2018-06-21,2756.84,3,-0.45,June
1065,2018-06-22,2758.42,4,0.06,June
1066,2018-06-25,2720.8,0,-1.36,June
1067,2018-06-26,2724.26,1,0.13,June
1068,2018-06-27,2722.74,2,-0.06,June
1069,2018-06-28,2708.16,3,-0.54,June
1070,2018-06-29,2730.65,4,0.83,June
1071,2018-07-02,2713.1,0,-0.64,July
1072,2018-07-03,2723.87,1,0.4,July
1073,2018-07-05,2726.92,3,0.11,July
1074,2018-07-06,2748.96,4,0.81,July
1075,2018-07-09,2776.58,0,1.0,July
1076,2018-07-10,2790.91,1,0.52,July
1077,2018-07-11,2778.34,2,-0.45,July
1078,2018-07-12,2790.38,3,0.43,July
1079,2018-07-13,2798.11,4,0.28,July
1080,2018-07-16,2798.55,0,0.02,July
1081,2018-07-17,2801.72,1,0.11,July
1082,2018-07-18,2811.32,2,0.34,July
1083,2018-07-19,2805.91,3,-0.19,July
1084,2018-07-20,2804.86,4,-0.04,July
1085,2018-07-23,2801.88,0,-0.11,July
1086,2018-07-24,2820.56,1,0.67,July
1087,2018-07-25,2832.88,2,0.44,July
1088,2018-07-26,2840.42,3,0.27,July
1089,2018-07-27,2825.76,4,-0.52,July
1090,2018-07-30,2809.92,0,-0.56,July
1091,2018-07-31,2816.26,1,0.23,July
1092,2018-08-01,2815.84,2,-0.01,August
1093,2018-08-02,2813.12,3,-0.1,August
1094,2018-08-03,2833.88,4,0.74,August
1095,2018-08-06,2844.64,0,0.38,August
1096,2018-08-07,2859.68,1,0.53,August
1097,2018-08-08,2857.77,2,-0.07,August
1098,2018-08-09,2857.23,3,-0.02,August
1099,2018-08-10,2834.0,4,-0.81,August
1100,2018-08-13,2831.64,0,-0.08,August
1101,2018-08-14,2834.84,1,0.11,August
1102,2018-08-15,2815.22,2,-0.69,August
1103,2018-08-16,2840.96,3,0.91,August
1104,2018-08-17,2844.68,4,0.13,August
1105,2018-08-20,2855.19,0,0.37,August
1106,2018-08-21,2867.28,1,0.42,August
1107,2018-08-22,2861.8,2,-0.19,August
1108,2018-08-23,2861.4,3,-0.01,August
1109,2018-08-24,2869.26,4,0.27,August
1110,2018-08-27,2891.47,0,0.77,August
1111,2018-08-28,2898.64,1,0.25,August
1112,2018-08-29,2907.45,2,0.3,August
1113,2018-08-30,2903.84,3,-0.12,August
1114,2018-08-31,2899.02,4,-0.17,August
1115,2018-09-04,2892.66,1,-0.22,September
1116,2018-09-05,2885.56,2,-0.25,September
1117,2018-09-06,2879.67,3,-0.2,September
1118,2018-09-07,2873.96,4,-0.2,September
1119,2018-09-10,2881.44,0,0.26,September
1120,2018-09-11,2879.65,1,-0.06,September
1121,2018-09-12,2886.92,2,0.25,September
1122,2018-09-13,2901.58,3,0.51,September
1123,2018-09-14,2902.04,4,0.02,September
1124,2018-09-17,2895.4,0,-0.23,September
1125,2018-09-18,2900.8,1,0.19,September
1126,2018-09-19,2908.09,2,0.25,September
1127,2018-09-20,2927.27,3,0.66,September
1128,2018-09-21,2934.01,4,0.23,September
1129,2018-09-24,2918.21,0,-0.54,September
1130,2018-09-25,2918.82,1,0.02,September
1131,2018-09-26,2917.22,2,-0.05,September
1132,2018-09-27,2918.24,3,0.03,September
1133,2018-09-28,2914.02,4,-0.14,September
1134,2018-10-01,2927.48,0,0.46,October
1135,2018-10-02,2925.4,1,-0.07,October
1136,2018-10-03,2930.61,2,0.18,October
1137,2018-10-04,2901.85,3,-0.98,October
1138,2018-10-05,2889.46,4,-0.43,October
1139,2018-10-08,2875.76,0,-0.47,October
1140,2018-10-09,2884.55,1,0.31,October
1141,2018-10-10,2829.44,2,-1.91,October
1142,2018-10-11,2752.82,3,-2.71,October
1143,2018-10-12,2752.6,4,-0.01,October
1144,2018-10-15,2762.51,0,0.36,October
1145,2018-10-16,2790.18,1,1.0,October
1146,2018-10-17,2799.38,2,0.33,October
1147,2018-10-18,2780.61,3,-0.67,October
1148,2018-10-19,2779.02,4,-0.06,October
1149,2018-10-22,2764.08,0,-0.54,October
1150,2018-10-23,2722.51,1,-1.5,October
1151,2018-10-24,2697.24,2,-0.93,October
1152,2018-10-25,2695.27,3,-0.07,October
1153,2018-10-26,2660.27,4,-1.3,October
1154,2018-10-29,2655.2,0,-0.19,October
1155,2018-10-30,2660.38,1,0.2,October
1156,2018-10-31,2721.14,2,2.28,October
1157,2018-11-01,2725.26,3,0.15,November
1158,2018-11-02,2728.5,4,0.12,November
1159,2018-11-05,2731.1,0,0.1,November
1160,2018-11-06,2746.95,1,0.58,November
1161,2018-11-07,2794.64,2,1.74,November
1162,2018-11-08,2804.87,3,0.37,November
1163,2018-11-09,2779.17,4,-0.92,November
1164,2018-11-12,2749.0,0,-1.09,November
1165,2018-11-13,2734.79,1,-0.52,November
1166,2018-11-14,2716.28,2,-0.68,November
1167,2018-11-15,2703.06,3,-0.49,November
1168,2018-11-16,2729.46,4,0.98,November
1169,2018-11-19,2707.12,0,-0.82,November
1170,2018-11-20,2650.48,1,-2.09,November
1171,2018-11-21,2660.28,2,0.37,November
1172,2018-11-23,2639.32,4,-0.79,November
1173,2018-11-26,2662.16,0,0.87,November
1174,2018-11-27,2669.21,1,0.26,November
1175,2018-11-28,2714.19,2,1.69,November
1176,2018-11-29,2738.34,3,0.89,November
1177,2018-11-30,2746.82,4,0.31,November
1178,2018-12-03,2786.78,0,1.45,December
1179,2018-12-04,2741.56,1,-1.62,December
1180,2018-12-06,2658.84,3,-3.02,December
1181,2018-12-07,2665.84,4,0.26,December
1182,2018-12-10,2615.37,0,-1.89,December
1183,2018-12-11,2647.82,1,1.24,December
1184,2018-12-12,2667.85,2,0.76,December
1185,2018-12-13,2653.73,3,-0.53,December
1186,2018-12-14,2614.46,4,-1.48,December
1187,2018-12-17,2565.84,0,-1.86,December
1188,2018-12-18,2551.35,1,-0.56,December
1189,2018-12-19,2537.12,2,-0.56,December
1190,2018-12-20,2475.4,3,-2.43,December
1191,2018-12-21,2456.48,4,-0.76,December
1192,2018-12-24,2380.72,0,-3.08,December
1193,2018-12-26,2407.17,2,1.11,December
1194,2018-12-27,2443.52,3,1.51,December
1195,2018-12-28,2496.58,4,2.17,December
1196,2018-12-31,2496.03,0,-0.02,December
1197,2019-01-02,2493.48,2,-0.1,January
1198,2019-01-03,2468.55,3,-1.0,January
1199,2019-01-04,2506.2,4,1.53,January
1200,2019-01-07,2545.36,0,1.56,January
1201,2019-01-08,2563.69,1,0.72,January
1202,2019-01-09,2582.1,2,0.72,January
1203,2019-01-10,2579.92,3,-0.08,January
1204,2019-01-11,2586.84,4,0.27,January
1205,2019-01-14,2579.86,0,-0.27,January
1206,2019-01-15,2599.09,1,0.75,January
1207,2019-01-16,2619.22,2,0.77,January
1208,2019-01-17,2625.71,3,0.25,January
1209,2019-01-18,2661.52,4,1.36,January
1210,2019-01-22,2637.58,1,-0.9,January
1211,2019-01-23,2633.02,2,-0.17,January
1212,2019-01-24,2637.1,3,0.15,January
1213,2019-01-25,2664.86,4,1.05,January
1214,2019-01-28,2634.52,0,-1.14,January
1215,2019-01-29,2640.99,1,0.25,January
1216,2019-01-30,2669.39,2,1.08,January
1217,2019-01-31,2693.8,3,0.91,January
1218,2019-02-01,2706.77,4,0.48,February
1219,2019-02-04,2711.87,0,0.19,February
1220,2019-02-05,2731.5,1,0.72,February
1221,2019-02-06,2731.12,2,-0.01,February
1222,2019-02-07,2703.29,3,-1.02,February
1223,2019-02-08,2694.95,4,-0.31,February
1224,2019-02-11,2710.92,0,0.59,February
1225,2019-02-12,2735.4,1,0.9,February
1226,2019-02-13,2755.24,2,0.73,February
1227,2019-02-14,2744.56,3,-0.39,February
1228,2019-02-15,2767.95,4,0.85,February
1229,2019-02-19,2777.31,1,0.34,February
1230,2019-02-20,2781.97,2,0.17,February
1231,2019-02-21,2773.06,3,-0.32,February
1232,2019-02-22,2786.66,4,0.49,February
1233,2019-02-25,2804.24,0,0.63,February
1234,2019-02-26,2796.3,1,-0.28,February
1235,2019-02-27,2785.44,2,-0.39,February
1236,2019-02-28,2788.12,3,0.1,February
1237,2019-03-01,2797.7,4,0.34,March
1238,2019-03-04,2792.27,0,-0.19,March
1239,2019-03-05,2789.7,1,-0.09,March
1240,2019-03-06,2779.48,2,-0.37,March
1241,2019-03-07,2753.17,3,-0.95,March
1242,2019-03-08,2733.2,4,-0.73,March
1243,2019-03-11,2765.8,0,1.19,March
1244,2019-03-12,2792.52,1,0.97,March
1245,2019-03-13,2810.51,2,0.64,March
1246,2019-03-14,2809.23,3,-0.05,March
1247,2019-03-15,2820.76,4,0.41,March
1248,2019-03-18,2828.7,0,0.28,March
1249,2019-03-19,2837.84,1,0.32,March
1250,2019-03-20,2827.98,2,-0.35,March
1251,2019-03-21,2838.84,3,0.38,March
1252,2019-03-22,2823.31,4,-0.55,March
1253,2019-03-25,2797.4,0,-0.92,March
1254,2019-03-26,2816.93,1,0.7,March
1255,2019-03-27,2806.64,2,-0.37,March
1256,2019-03-28,2809.24,3,0.09,March
1257,2019-03-29,2827.63,4,0.65,March
1258,2019-04-01,2859.02,0,1.11,April
1259,2019-04-02,2865.82,1,0.24,April
1260,2019-04-03,2875.21,2,0.33,April
1261,2019-04-04,2874.21,3,-0.03,April
1262,2019-04-05,2888.12,4,0.48,April
1263,2019-04-08,2888.36,0,0.01,April
1264,2019-04-09,2880.1,1,-0.29,April
1265,2019-04-10,2884.42,2,0.15,April
1266,2019-04-11,2887.7,3,0.11,April
1267,2019-04-12,2904.46,4,0.58,April
1268,2019-04-15,2903.04,0,-0.05,April
1269,2019-04-16,2908.38,1,0.18,April
1270,2019-04-17,2906.72,2,-0.06,April
1271,2019-04-18,2900.15,3,-0.23,April
1272,2019-04-22,2902.93,0,0.1,April
1273,2019-04-23,2922.42,1,0.67,April
1274,2019-04-24,2931.44,2,0.31,April
1275,2019-04-25,2922.97,3,-0.29,April
1276,2019-04-26,2928.72,4,0.2,April
1277,2019-04-29,2944.44,0,0.54,April
1278,2019-04-30,2936.16,1,-0.28,April
1279,2019-05-01,2938.74,2,0.09,May
1280,2019-05-02,2916.09,3,-0.77,May
1281,2019-05-03,2938.53,4,0.77,May
1282,2019-05-06,2917.77,0,-0.71,May
1283,2019-05-07,2887.82,1,-1.03,May
1284,2019-05-08,2885.62,2,-0.08,May
1285,2019-05-09,2856.18,3,-1.02,May
1286,2019-05-10,2858.35,4,0.08,May
1287,2019-05-13,2820.81,0,-1.31,May
1288,2019-05-14,2836.33,1,0.55,May
1289,2019-05-15,2836.88,2,0.02,May
1290,2019-05-16,2873.98,3,1.31,May
1291,2019-05-17,2869.86,4,-0.14,May
1292,2019-05-20,2842.58,0,-0.95,May
1293,2019-05-21,2861.45,1,0.66,May
1294,2019-05-22,2858.29,2,-0.11,May
1295,2019-05-23,2821.1,3,-1.3,May
1296,2019-05-24,2830.78,4,0.34,May
1297,2019-05-28,2821.04,1,-0.34,May
1298,2019-05-29,2779.04,2,-1.49,May
1299,2019-05-30,2787.87,3,0.32,May
1300,2019-05-31,2759.75,4,-1.01,May
1301,2019-06-03,2745.94,0,-0.5,June
1302,2019-06-04,2783.56,1,1.37,June
1303,2019-06-05,2814.1,2,1.1,June
1304,2019-06-06,2837.27,3,0.82,June
1305,2019-06-07,2868.92,4,1.12,June
1306,2019-06-10,2895.14,0,0.91,June
1307,2019-06-11,2894.57,1,-0.02,June
1308,2019-06-12,2881.62,2,-0.45,June
1309,2019-06-13,2888.62,3,0.24,June
1310,2019-06-14,2887.04,4,-0.05,June
1311,2019-06-17,2892.28,0,0.18,June
1312,2019-06-18,2918.12,1,0.89,June
1313,2019-06-19,2921.58,2,0.12,June
1314,2019-06-20,2944.78,3,0.79,June
1315,2019-06-21,2955.51,4,0.36,June
1316,2019-06-24,2949.48,0,-0.2,June
1317,2019-06-25,2931.27,1,-0.62,June
1318,2019-06-26,2922.79,2,-0.29,June
1319,2019-06-27,2923.94,3,0.04,June
1320,2019-06-28,2936.52,4,0.43,June
1321,2019-07-01,2965.08,0,0.97,July
1322,2019-07-02,2964.56,1,-0.02,July
1323,2019-07-03,2986.9,2,0.75,July
1324,2019-07-05,2981.0,4,-0.2,July
1325,2019-07-08,2975.42,0,-0.19,July
1326,2019-07-09,2972.67,1,-0.09,July
1327,2019-07-10,2993.8,2,0.71,July
1328,2019-07-11,2995.56,3,0.06,July
1329,2019-07-12,3007.9,4,0.41,July
1330,2019-07-15,3013.28,0,0.18,July
1331,2019-07-16,3008.08,1,-0.17,July
1332,2019-07-17,2994.76,2,-0.44,July
1333,2019-07-18,2985.69,3,-0.3,July
1334,2019-07-19,2990.94,4,0.18,July
1335,2019-07-22,2983.68,0,-0.24,July
1336,2019-07-23,2997.23,1,0.45,July
1337,2019-07-24,3008.2,2,0.37,July
1338,2019-07-25,3006.77,3,-0.05,July
1339,2019-07-26,3020.28,4,0.45,July
1340,2019-07-29,3019.96,0,-0.01,July
1341,2019-07-30,3009.06,1,-0.36,July
1342,2019-07-31,2987.74,2,-0.71,July
1343,2019-08-01,2979.41,3,-0.28,August
1344,2019-08-02,2929.8,4,-1.67,August
1345,2019-08-05,2860.1,0,-2.38,August
1346,2019-08-06,2865.91,1,0.2,August
1347,2019-08-07,2858.94,2,-0.24,August
1348,2019-08-08,2916.6,3,2.02,August
1349,2019-08-09,2917.95,4,0.05,August
1350,2019-08-12,2890.36,0,-0.95,August
1351,2019-08-13,2910.18,1,0.69,August
1352,2019-08-14,2866.9,2,-1.49,August
1353,2019-08-15,2841.09,3,-0.9,August
1354,2019-08-16,2879.18,4,1.34,August
1355,2019-08-19,2922.24,0,1.5,August
1356,2019-08-20,2911.62,1,-0.36,August
1357,2019-08-21,2923.32,2,0.4,August
1358,2019-08-22,2921.8,3,-0.05,August
1359,2019-08-23,2880.99,4,-1.4,August
1360,2019-08-26,2867.64,0,-0.46,August
1361,2019-08-27,2879.69,1,0.42,August
1362,2019-08-28,2871.54,2,-0.28,August
1363,2019-08-29,2918.08,3,1.62,August
1364,2019-08-30,2926.88,4,0.3,August
1365,2019-09-03,2903.12,1,-0.81,September
1366,2019-09-04,2930.35,2,0.94,September
1367,2019-09-05,2973.23,3,1.46,September
1368,2019-09-06,2978.77,4,0.19,September
1369,2019-09-09,2979.41,0,0.02,September
1370,2019-09-10,2968.2,1,-0.38,September
1371,2019-09-11,2988.12,2,0.67,September
1372,2019-09-12,3010.83,3,0.76,September
1373,2019-09-13,3010.12,4,-0.02,September
1374,2019-09-16,2996.43,0,-0.45,September
1375,2019-09-17,2999.97,1,0.12,September
1376,2019-09-18,2993.2,2,-0.23,September
1377,2019-09-19,3012.58,3,0.65,September
1378,2019-09-20,3000.52,4,-0.4,September
1379,2019-09-23,2990.69,0,-0.33,September
1380,2019-09-24,2982.86,1,-0.26,September
1381,2019-09-25,2971.34,2,-0.39,September
1382,2019-09-26,2975.5,3,0.14,September
1383,2019-09-27,2966.42,4,-0.31,September
1384,2019-09-30,2975.46,0,0.3,September
1385,2019-10-01,2965.62,1,-0.33,October
1386,2019-10-02,2899.86,2,-2.22,October
1387,2019-10-03,2883.54,3,-0.56,October
1388,2019-10-04,2936.15,4,1.82,October
1389,2019-10-07,2947.72,0,0.39,October
1390,2019-10-08,2909.06,1,-1.31,October
1391,2019-10-09,2918.36,2,0.32,October
1392,2019-10-10,2932.79,3,0.49,October
1393,2019-10-11,2978.18,4,1.55,October
1394,2019-10-14,2967.89,0,-0.35,October
1395,2019-10-15,2988.44,1,0.69,October
1396,2019-10-16,2991.37,2,0.1,October
1397,2019-10-17,3000.04,3,0.29,October
1398,2019-10-18,2988.16,4,-0.4,October
1399,2019-10-21,3001.34,0,0.44,October
1400,2019-10-22,3004.8,1,0.12,October
1401,2019-10-23,2998.0,2,-0.23,October
1402,2019-10-24,3008.24,3,0.34,October
1403,2019-10-25,3014.66,4,0.21,October
1404,2019-10-28,3038.1,0,0.78,October
1405,2019-10-29,3041.34,1,0.11,October
1406,2019-10-30,3038.03,2,-0.11,October
1407,2019-10-31,3035.04,3,-0.1,October
1408,2019-11-01,3058.84,4,0.78,November
1409,2019-11-04,3080.04,0,0.69,November
1410,2019-11-05,3078.05,1,-0.06,November
1411,2019-11-06,3072.12,2,-0.19,November
1412,2019-11-07,3089.0,3,0.55,November
1413,2019-11-08,3083.34,4,-0.18,November
1414,2019-11-11,3082.08,0,-0.04,November
1415,2019-11-12,3093.67,1,0.38,November
1416,2019-11-13,3088.43,2,-0.17,November
1417,2019-11-14,3090.73,3,0.07,November
1418,2019-11-15,3112.53,4,0.71,November
1419,2019-11-18,3118.12,0,0.18,November
1420,2019-11-19,3120.56,1,0.08,November
1421,2019-11-20,3105.19,2,-0.49,November
1422,2019-11-21,3102.33,3,-0.09,November
1423,2019-11-22,3106.06,4,0.12,November
1424,2019-11-25,3125.64,0,0.63,November
1425,2019-11-26,3136.84,1,0.36,November
1426,2019-11-27,3148.84,2,0.38,November
1427,2019-11-29,3144.82,4,-0.13,November
1428,2019-12-02,3127.54,0,-0.55,December
1429,2019-12-03,3082.65,1,-1.44,December
1430,2019-12-04,3110.96,2,0.92,December
1431,2019-12-05,3111.6,3,0.02,December
1432,2019-12-06,3142.61,4,1.0,December
1433,2019-12-09,3142.16,0,-0.01,December
1434,2019-12-10,3134.1,1,-0.26,December
1435,2019-12-11,3138.6,2,0.14,December
1436,2019-12-12,3157.38,3,0.6,December
1437,2019-12-13,3169.6,4,0.39,December
1438,2019-12-16,3190.67,0,0.66,December
1439,2019-12-17,3194.62,1,0.12,December
1440,2019-12-18,3194.81,2,0.01,December
1441,2019-12-19,3198.9,3,0.13,December
1442,2019-12-20,3220.84,4,0.69,December
1443,2019-12-23,3225.04,0,0.13,December
1444,2019-12-24,3223.47,1,-0.05,December
1445,2019-12-26,3233.64,3,0.32,December
1446,2019-12-27,3241.15,4,0.23,December
1447,2019-12-30,3228.74,0,-0.38,December
1448,2019-12-31,3221.88,1,-0.21,December
1449,2020-01-02,3246.84,3,0.77,January
1450,2020-01-03,3234.24,4,-0.39,January
1451,2020-01-06,3230.74,0,-0.11,January
1452,2020-01-07,3238.67,1,0.25,January
1453,2020-01-08,3251.87,2,0.41,January
1454,2020-01-09,3269.62,3,0.55,January
1455,2020-01-10,3271.92,4,0.07,January
1456,2020-01-13,3278.28,0,0.19,January
1457,2020-01-14,3285.72,1,0.23,January
1458,2020-01-15,3289.68,2,0.12,January
1459,2020-01-16,3309.96,3,0.62,January
1460,2020-01-17,3324.37,4,0.44,January
1461,2020-01-21,3323.2,1,-0.04,January
1462,2020-01-22,3328.9,2,0.17,January
1463,2020-01-23,3314.38,3,-0.44,January
1464,2020-01-24,3307.36,4,-0.21,January
1465,2020-01-27,3246.68,0,-1.83,January
1466,2020-01-28,3269.5,1,0.7,January
1467,2020-01-29,3282.68,2,0.4,January
1468,2020-01-30,3264.36,3,-0.56,January
1469,2020-01-31,3248.5,4,-0.49,January
1470,2020-02-03,3252.05,0,0.11,February
1471,2020-02-04,3293.77,1,1.28,February
1472,2020-02-05,3325.66,2,0.97,February
1473,2020-02-06,3341.18,3,0.47,February
1474,2020-02-07,3331.77,4,-0.28,February
1475,2020-02-10,3335.02,0,0.1,February
1476,2020-02-11,3364.18,1,0.87,February
1477,2020-02-12,3375.6,2,0.34,February
1478,2020-02-13,3372.8,3,-0.08,February
1479,2020-02-14,3373.42,4,0.02,February
1480,2020-02-18,3365.31,1,-0.24,February
1481,2020-02-19,3386.18,2,0.62,February
1482,2020-02-20,3365.08,3,-0.62,February
1483,2020-02-21,3344.6,4,-0.61,February
1484,2020-02-24,3237.23,0,-3.21,February
1485,2020-02-25,3182.88,1,-1.68,February
1486,2020-02-26,3145.75,2,-1.17,February
1487,2020-02-27,3037.23,3,-3.45,February
1488,2020-02-28,2907.78,4,-4.26,February
1489,2020-03-02,3018.08,0,3.79,March
1490,2020-03-03,3056.68,1,1.28,March
1491,2020-03-04,3082.68,2,0.85,March
1492,2020-03-05,3041.44,3,-1.34,March
1493,2020-03-06,2943.73,4,-3.21,March
1494,2020-03-09,2799.16,0,-4.91,March
1495,2020-03-10,2808.3,1,0.33,March
1496,2020-03-11,2766.41,2,-1.49,March
1497,2020-03-12,2569.9,3,-7.1,March
1498,2020-03-13,2601.85,4,1.24,March
1499,2020-03-16,2471.96,0,-4.99,March
1500,2020-03-17,2460.48,1,-0.46,March
1501,2020-03-18,2367.04,2,-3.8,March
1502,2020-03-19,2393.38,3,1.11,March
1503,2020-03-20,2374.28,4,-0.8,March
1504,2020-03-23,2246.3,0,-5.39,March
1505,2020-03-24,2397.07,1,6.71,March
1506,2020-03-25,2489.48,2,3.86,March
1507,2020-03-26,2568.86,3,3.19,March
1508,2020-03-27,2567.96,4,-0.04,March
1509,2020-03-30,2588.54,0,0.8,March
1510,2020-03-31,2606.27,1,0.68,March
1511,2020-04-01,2485.12,2,-4.65,April
1512,2020-04-02,2494.5,3,0.38,April
1513,2020-04-03,2499.07,4,0.18,April
1514,2020-04-06,2625.71,0,5.07,April
1515,2020-04-07,2707.28,1,3.11,April
1516,2020-04-08,2712.02,2,0.18,April
1517,2020-04-09,2790.46,3,2.89,April
1518,2020-04-13,2751.82,0,-1.38,April
1519,2020-04-14,2828.48,1,2.79,April
1520,2020-04-15,2781.71,2,-1.65,April
1521,2020-04-16,2785.42,3,0.13,April
1522,2020-04-17,2855.05,4,2.5,April
1523,2020-04-20,2844.7,0,-0.36,April
1524,2020-04-21,2756.32,1,-3.11,April
1525,2020-04-22,2795.52,2,1.42,April
1526,2020-04-23,2819.58,3,0.86,April
1527,2020-04-24,2817.24,4,-0.08,April
1528,2020-04-27,2870.3,0,1.88,April
1529,2020-04-28,2890.93,1,0.72,April
1530,2020-04-29,2933.51,2,1.47,April
1531,2020-04-30,2911.69,3,-0.74,April
1532,2020-05-01,2845.35,4,-2.28,May
1533,2020-05-04,2821.04,0,-0.85,May
1534,2020-05-05,2880.89,1,2.12,May
1535,2020-05-06,2869.38,2,-0.4,May
1536,2020-05-07,2889.2,3,0.69,May
1537,2020-05-08,2917.52,4,0.98,May
1538,2020-05-11,2923.84,0,0.22,May
1539,2020-05-12,2907.7,1,-0.55,May
1540,2020-05-13,2833.64,2,-2.55,May
1541,2020-05-14,2809.72,3,-0.84,May
1542,2020-05-15,2840.9,4,1.11,May
1543,2020-05-18,2940.98,0,3.52,May
1544,2020-05-19,2943.28,1,0.08,May
1545,2020-05-20,2966.96,2,0.8,May
1546,2020-05-21,2958.54,3,-0.28,May
1547,2020-05-22,2945.18,4,-0.45,May
1548,2020-05-26,3004.94,1,2.03,May
1549,2020-05-27,3003.0,2,-0.06,May
1550,2020-05-28,3046.04,3,1.43,May
1551,2020-05-29,3023.89,4,-0.73,May
1552,2020-06-01,3046.86,0,0.76,June
1553,2020-06-02,3066.36,1,0.64,June
1554,2020-06-03,3114.92,2,1.58,June
1555,2020-06-04,3109.66,3,-0.17,June
1556,2020-06-05,3187.78,4,2.51,June
1557,2020-06-08,3214.56,0,0.84,June
1558,2020-06-09,3207.91,1,-0.21,June
1559,2020-06-10,3202.38,2,-0.17,June
1560,2020-06-11,3061.51,3,-4.4,June
1561,2020-06-12,3036.44,4,-0.82,June
1562,2020-06-15,3022.71,0,-0.45,June
1563,2020-06-16,3114.76,1,3.05,June
1564,2020-06-17,3124.6,2,0.32,June
1565,2020-06-18,3106.76,3,-0.57,June
1566,2020-06-19,3119.32,4,0.4,June
1567,2020-06-22,3100.16,0,-0.61,June
1568,2020-06-23,3141.01,1,1.32,June
1569,2020-06-24,3073.57,2,-2.15,June
1570,2020-06-25,3055.13,3,-0.6,June
1571,2020-06-26,3039.18,4,-0.52,June
1572,2020-06-29,3026.81,0,-0.41,June
1573,2020-06-30,3079.67,1,1.75,June
1574,2020-07-01,3114.8,2,1.14,July
1575,2020-07-02,3145.16,3,0.97,July
1576,2020-07-06,3168.94,0,0.76,July
1577,2020-07-07,3163.54,1,-0.17,July
1578,2020-07-08,3154.16,2,-0.3,July
1579,2020-07-09,3147.74,3,-0.2,July
1580,2020-07-10,3161.52,4,0.44,July
1581,2020-07-13,3192.38,0,0.98,July
1582,2020-07-14,3164.3,1,-0.88,July
1583,2020-07-15,3219.52,2,1.75,July
1584,2020-07-16,3209.49,3,-0.31,July
1585,2020-07-17,3219.58,4,0.31,July
1586,2020-07-20,3236.88,0,0.54,July
1587,2020-07-21,3262.53,1,0.79,July
1588,2020-07-22,3266.21,2,0.11,July
1589,2020-07-23,3251.32,3,-0.46,July
1590,2020-07-24,3213.66,4,-1.16,July
1591,2020-07-27,3227.84,0,0.44,July
1592,2020-07-28,3229.94,1,0.07,July
1593,2020-07-29,3245.98,2,0.5,July
1594,2020-07-30,3227.52,3,-0.57,July
1595,2020-07-31,3246.22,4,0.58,July
1596,2020-08-03,3293.63,0,1.46,August
1597,2020-08-04,3296.6,1,0.09,August
1598,2020-08-05,3324.07,2,0.83,August
1599,2020-08-06,3334.58,3,0.32,August
1600,2020-08-07,3340.63,4,0.18,August
1601,2020-08-10,3349.36,0,0.26,August
1602,2020-08-11,3353.73,1,0.13,August
1603,2020-08-12,3371.68,2,0.54,August
1604,2020-08-13,3375.3,3,0.11,August
1605,2020-08-14,3370.08,4,-0.15,August
1606,2020-08-17,3383.4,0,0.4,August
1607,2020-08-18,3382.6,1,-0.02,August
1608,2020-08-19,3384.6,2,0.06,August
1609,2020-08-20,3372.74,3,-0.35,August
1610,2020-08-21,3389.64,4,0.5,August
1611,2020-08-24,3422.61,0,0.97,August
1612,2020-08-25,3435.02,1,0.36,August
1613,2020-08-26,3462.61,2,0.8,August
1614,2020-08-27,3484.86,3,0.64,August
1615,2020-08-28,3496.78,4,0.34,August
1616,2020-08-31,3504.01,0,0.21,August
1617,2020-09-01,3511.32,1,0.21,September
1618,2020-09-02,3561.67,2,1.43,September
1619,2020-09-03,3496.13,3,-1.84,September
1620,2020-09-04,3414.39,4,-2.34,September
1621,2020-09-08,3354.62,1,-1.75,September
1622,2020-09-09,3395.8,2,1.23,September
1623,2020-09-10,3377.4,3,-0.54,September
1624,2020-09-11,3339.71,4,-1.12,September
1625,2020-09-14,3383.24,0,1.3,September
1626,2020-09-15,3404.36,1,0.62,September
1627,2020-09-16,3406.68,2,0.07,September
1628,2020-09-17,3352.0,3,-1.61,September
1629,2020-09-18,3327.34,4,-0.74,September
1630,2020-09-21,3257.34,0,-2.1,September
1631,2020-09-22,3295.63,1,1.18,September
1632,2020-09-23,3277.96,2,-0.54,September
1633,2020-09-24,3244.08,3,-1.03,September
1634,2020-09-25,3267.66,4,0.73,September
1635,2020-09-28,3346.82,0,2.42,September
1636,2020-09-29,3342.73,1,-0.12,September
1637,2020-09-30,3367.02,2,0.73,September
1638,2020-10-01,3379.28,3,0.36,October
1639,2020-10-02,3346.4,4,-0.97,October
1640,2020-10-05,3388.42,0,1.26,October
1641,2020-10-06,3393.05,1,0.14,October
1642,2020-10-07,3405.41,2,0.36,October
1643,2020-10-08,3437.72,3,0.95,October
1644,2020-10-09,3470.2,4,0.94,October
1645,2020-10-12,3524.73,0,1.57,October
1646,2020-10-13,3517.44,1,-0.21,October
1647,2020-10-14,3504.24,2,-0.38,October
1648,2020-10-15,3464.98,3,-1.12,October
1649,2020-10-16,3498.1,4,0.96,October
1650,2020-10-19,3461.18,0,-1.06,October
1651,2020-10-20,3456.29,1,-0.14,October
1652,2020-10-21,3448.96,2,-0.21,October
1653,2020-10-22,3437.94,3,-0.32,October
1654,2020-10-23,3453.46,4,0.45,October
1655,2020-10-26,3403.14,0,-1.46,October
1656,2020-10-27,3399.11,1,-0.12,October
1657,2020-10-28,3305.68,2,-2.75,October
1658,2020-10-29,3300.44,3,-0.16,October
1659,2020-10-30,3269.44,4,-0.94,October
1660,2020-11-02,3304.94,0,1.09,November
1661,2020-11-03,3362.87,1,1.75,November
1662,2020-11-04,3445.71,2,2.46,November
1663,2020-11-05,3507.4,3,1.79,November
1664,2020-11-06,3502.96,4,-0.13,November
1665,2020-11-09,3596.73,0,2.68,November
1666,2020-11-10,3534.56,1,-1.73,November
1667,2020-11-11,3569.08,2,0.98,November
1668,2020-11-12,3543.8,3,-0.71,November
1669,2020-11-13,3573.12,4,0.83,November
1670,2020-11-16,3614.34,0,1.15,November
1671,2020-11-17,3605.9,1,-0.23,November
1672,2020-11-18,3593.21,2,-0.35,November
1673,2020-11-19,3564.53,3,-0.8,November
1674,2020-11-20,3569.04,4,0.13,November
1675,2020-11-23,3571.29,0,0.06,November
1676,2020-11-24,3618.42,1,1.32,November
1677,2020-11-25,3626.63,2,0.23,November
1678,2020-11-27,3636.82,4,0.28,November
1679,2020-11-30,3614.28,0,-0.62,November
1680,2020-12-01,3662.16,1,1.32,December
1681,2020-12-02,3657.9,2,-0.12,December
1682,2020-12-03,3669.95,3,0.33,December
1683,2020-12-04,3685.07,4,0.41,December
1684,2020-12-07,3688.14,0,0.08,December
1685,2020-12-08,3693.64,1,0.15,December
1686,2020-12-09,3686.46,2,-0.19,December
1687,2020-12-10,3661.84,3,-0.67,December
1688,2020-12-11,3649.66,4,-0.33,December
1689,2020-12-14,3671.73,0,0.6,December
1690,2020-12-15,3677.46,1,0.16,December
1691,2020-12-16,3699.92,2,0.61,December
1692,2020-12-17,3718.0,3,0.49,December
1693,2020-12-18,3706.27,4,-0.32,December
1694,2020-12-21,3669.69,0,-0.99,December
1695,2020-12-22,3687.21,1,0.48,December
1696,2020-12-23,3700.26,2,0.35,December
1697,2020-12-24,3696.57,3,-0.1,December
1698,2020-12-28,3731.77,0,0.95,December
1699,2020-12-29,3739.72,1,0.21,December
1700,2020-12-30,3737.42,2,-0.06,December
1701,2020-12-31,3743.54,3,0.16,December
1702,2021-01-04,3716.35,0,-0.73,January
1703,2021-01-05,3716.45,1,0.0,January
1704,2021-01-06,3744.19,2,0.75,January
1705,2021-01-07,3788.13,3,1.17,January
1706,2021-01-08,3805.14,4,0.45,January
1707,2021-01-11,3803.44,0,-0.04,January
1708,2021-01-12,3793.65,1,-0.26,January
1709,2021-01-13,3806.23,2,0.33,January
1710,2021-01-14,3808.23,3,0.05,January
1711,2021-01-15,3769.18,4,-1.03,January
1712,2021-01-19,3792.45,1,0.62,January
1713,2021-01-20,3837.98,2,1.2,January
1714,2021-01-21,3853.25,3,0.4,January
1715,2021-01-22,3841.36,4,-0.31,January
1716,2021-01-25,3828.2,0,-0.34,January
1717,2021-01-26,3859.34,1,0.81,January
1718,2021-01-27,3784.66,2,-1.94,January
1719,2021-01-28,3793.12,3,0.22,January
1720,2021-01-29,3736.08,4,-1.5,January
1721,2021-02-01,3754.97,0,0.51,February
1722,2021-02-02,3817.46,1,1.66,February
1723,2021-02-03,3832.1,2,0.38,February
1724,2021-02-04,3854.54,3,0.59,February
1725,2021-02-05,3884.74,4,0.78,February
1726,2021-02-08,3904.18,0,0.5,February
1727,2021-02-09,3910.5,1,0.16,February
1728,2021-02-10,3908.22,2,-0.06,February
1729,2021-02-11,3908.19,3,-0.0,February
1730,2021-02-12,3921.5,4,0.34,February
1731,2021-02-16,3937.14,1,0.4,February
1732,2021-02-17,3917.02,2,-0.51,February
1733,2021-02-18,3903.5,3,-0.35,February
1734,2021-02-19,3916.74,4,0.34,February
1735,2021-02-22,3888.82,0,-0.71,February
1736,2021-02-23,3850.78,1,-0.98,February
1737,2021-02-24,3894.12,2,1.13,February
1738,2021-02-25,3869.53,3,-0.63,February
1739,2021-02-26,3825.31,4,-1.14,February
1740,2021-03-01,3878.5,0,1.39,March
1741,2021-03-02,3887.49,1,0.23,March
1742,2021-03-03,3846.66,2,-1.05,March
1743,2021-03-04,3783.5,3,-1.64,March
1744,2021-03-05,3790.94,4,0.2,March
1745,2021-03-08,3850.16,0,1.56,March
1746,2021-03-09,3877.84,1,0.72,March
1747,2021-03-10,3901.54,2,0.61,March
1748,2021-03-11,3937.9,3,0.93,March
1749,2021-03-12,3930.1,4,-0.2,March
1750,2021-03-15,3946.81,0,0.43,March
1751,2021-03-16,3967.24,1,0.52,March
1752,2021-03-17,3959.8,2,-0.19,March
1753,2021-03-18,3940.24,3,-0.49,March
1754,2021-03-19,3908.44,4,-0.81,March
1755,2021-03-22,3934.73,0,0.67,March
1756,2021-03-23,3925.35,1,-0.24,March
1757,2021-03-24,3915.58,2,-0.25,March
1758,2021-03-25,3886.52,3,-0.74,March
1759,2021-03-26,3947.66,4,1.57,March
1760,2021-03-29,3962.54,0,0.38,March
1761,2021-03-30,3956.18,1,-0.16,March
1762,2021-03-31,3980.7,2,0.62,March
1763,2021-04-01,4006.7,3,0.65,April
1764,2021-04-05,4058.93,0,1.3,April
1765,2021-04-06,4077.18,1,0.45,April
1766,2021-04-07,4075.72,2,-0.04,April
1767,2021-04-08,4090.36,3,0.36,April
1768,2021-04-09,4112.5,4,0.54,April
1769,2021-04-12,4123.29,0,0.26,April
1770,2021-04-13,4136.22,1,0.31,April
1771,2021-04-14,4136.28,2,0.0,April
1772,2021-04-15,4156.62,3,0.49,April
1773,2021-04-16,4181.03,4,0.59,April
1774,2021-04-19,4165.64,0,-0.37,April
1775,2021-04-20,4138.78,1,-0.64,April
1776,2021-04-21,4150.69,2,0.29,April
1777,2021-04-22,4151.63,3,0.02,April
1778,2021-04-23,4166.48,4,0.36,April
1779,2021-04-26,4188.27,0,0.52,April
1780,2021-04-27,4184.78,1,-0.08,April
1781,2021-04-28,4191.66,2,0.16,April
1782,2021-04-29,4197.8,3,0.15,April
1783,2021-04-30,4186.48,4,-0.27,April
1784,2021-05-03,4198.71,0,0.29,May
1785,2021-05-04,4153.82,1,-1.07,May
1786,2021-05-05,4174.33,2,0.49,May
1787,2021-05-06,4175.01,3,0.02,May
1788,2021-05-07,4219.84,4,1.07,May
1789,2021-05-10,4212.26,0,-0.18,May
1790,2021-05-11,4136.78,1,-1.79,May
1791,2021-05-12,4095.8,2,-0.99,May
1792,2021-05-13,4103.28,3,0.18,May
1793,2021-05-14,4156.35,4,1.29,May
1794,2021-05-17,4157.3,0,0.02,May
1795,2021-05-18,4147.57,1,-0.23,May
1796,2021-05-19,4089.17,2,-1.41,May
1797,2021-05-20,4147.38,3,1.42,May
1798,2021-05-21,4170.22,4,0.55,May
1799,2021-05-24,4189.84,0,0.47,May
1800,2021-05-25,4197.97,1,0.19,May
1801,2021-05-26,4193.36,2,-0.11,May
1802,2021-05-27,4205.58,3,0.29,May
1803,2021-05-28,4210.96,4,0.13,May
1804,2021-06-01,4215.85,1,0.12,June
1805,2021-06-02,4207.82,2,-0.19,June
1806,2021-06-03,4186.16,3,-0.51,June
1807,2021-06-04,4219.75,4,0.8,June
1808,2021-06-07,4224.0,0,0.1,June
1809,2021-06-08,4222.58,1,-0.03,June
1810,2021-06-09,4227.92,2,0.13,June
1811,2021-06-10,4235.04,3,0.17,June
1812,2021-06-11,4240.32,4,0.12,June
1813,2021-06-14,4244.83,0,0.11,June
1814,2021-06-15,4247.76,1,0.07,June
1815,2021-06-16,4227.17,2,-0.48,June
1816,2021-06-17,4214.17,3,-0.31,June
1817,2021-06-18,4184.59,4,-0.7,June
1818,2021-06-21,4199.82,0,0.36,June
1819,2021-06-22,4236.56,1,0.87,June
1820,2021-06-23,4249.02,2,0.29,June
1821,2021-06-24,4264.12,3,0.36,June
1822,2021-06-25,4278.64,4,0.34,June
1823,2021-06-28,4283.41,0,0.11,June
1824,2021-06-29,4293.78,1,0.24,June
1825,2021-06-30,4295.2,2,0.03,June
1826,2021-07-01,4310.7,3,0.36,July
1827,2021-07-02,4341.02,4,0.7,July
1828,2021-07-06,4335.42,1,-0.13,July
1829,2021-07-07,4345.84,2,0.24,July
1830,2021-07-08,4310.12,3,-0.82,July
1831,2021-07-09,4350.49,4,0.94,July
1832,2021-07-12,4375.35,0,0.57,July
1833,2021-07-13,4379.65,1,0.1,July
1834,2021-07-14,4378.02,2,-0.04,July
1835,2021-07-15,4354.86,3,-0.53,July
1836,2021-07-16,4348.81,4,-0.14,July
1837,2021-07-19,4264.76,0,-1.93,July
1838,2021-07-20,4299.44,1,0.81,July
1839,2021-07-21,4345.42,2,1.07,July
1840,2021-07-22,4359.96,3,0.33,July
1841,2021-07-23,4398.19,4,0.88,July
1842,2021-07-26,4414.09,0,0.36,July
1843,2021-07-27,4394.44,1,-0.45,July
1844,2021-07-28,4401.24,2,0.15,July
1845,2021-07-29,4416.78,3,0.35,July
1846,2021-07-30,4400.95,4,-0.36,July
1847,2021-08-02,4403.5,0,0.06,August
1848,2021-08-03,4398.4,1,-0.12,August
1849,2021-08-04,4408.2,2,0.22,August
1850,2021-08-05,4419.31,3,0.25,August
1851,2021-08-06,4434.94,4,0.35,August
1852,2021-08-09,4432.07,0,-0.06,August
1853,2021-08-10,4437.62,1,0.13,August
1854,2021-08-11,4442.93,2,0.12,August
1855,2021-08-12,4448.86,3,0.13,August
1856,2021-08-13,4464.59,4,0.35,August
1857,2021-08-16,4458.96,0,-0.13,August
1858,2021-08-17,4439.98,1,-0.43,August
1859,2021-08-18,4425.96,2,-0.32,August
1860,2021-08-19,4393.17,3,-0.74,August
1861,2021-08-20,4425.58,4,0.74,August
1862,2021-08-23,4470.08,0,1.01,August
1863,2021-08-24,4487.54,1,0.39,August
1864,2021-08-25,4493.68,2,0.14,August
1865,2021-08-26,4482.44,3,-0.25,August
1866,2021-08-27,4493.72,4,0.25,August
1867,2021-08-30,4525.56,0,0.71,August
1868,2021-08-31,4523.6,1,-0.04,August
1869,2021-09-01,4529.57,2,0.13,September
1870,2021-09-02,4535.26,3,0.13,September
1871,2021-09-03,4531.38,4,-0.09,September
1872,2021-09-07,4524.19,1,-0.16,September
1873,2021-09-08,4507.87,2,-0.36,September
1874,2021-09-09,4510.98,3,0.07,September
1875,2021-09-10,4489.07,4,-0.49,September
1876,2021-09-13,4469.34,0,-0.44,September
1877,2021-09-14,4460.57,1,-0.2,September
1878,2021-09-15,4462.62,2,0.05,September
1879,2021-09-16,4464.84,3,0.05,September
1880,2021-09-17,4449.64,4,-0.34,September
1881,2021-09-20,4354.43,0,-2.14,September
1882,2021-09-21,4371.42,1,0.39,September
1883,2021-09-22,4392.09,2,0.47,September
1884,2021-09-23,4436.08,3,1.0,September
1885,2021-09-24,4446.7,4,0.24,September
1886,2021-09-27,4446.74,0,0.0,September
1887,2021-09-28,4382.93,1,-1.43,September
1888,2021-09-29,4370.32,2,-0.29,September
1889,2021-09-30,4344.4,3,-0.59,September
1890,2021-10-01,4331.85,4,-0.29,October
1891,2021-10-04,4317.23,0,-0.34,October
1892,2021-10-05,4339.55,1,0.52,October
1893,2021-10-06,4328.03,2,-0.27,October
1894,2021-10-07,4406.85,3,1.82,October
1895,2021-10-08,4399.12,4,-0.18,October
1896,2021-10-11,4388.24,0,-0.25,October
1897,2021-10-12,4358.49,1,-0.68,October
1898,2021-10-13,4351.4,2,-0.16,October
1899,2021-10-14,4413.24,3,1.42,October
1900,2021-10-15,4461.75,4,1.1,October
1901,2021-10-18,4468.11,0,0.14,October
1902,2021-10-19,4508.4,1,0.9,October
1903,2021-10-20,4532.64,2,0.54,October
1904,2021-10-21,4539.16,3,0.14,October
1905,2021-10-22,4541.84,4,0.06,October
1906,2021-10-25,4554.99,0,0.29,October
1907,2021-10-26,4583.85,1,0.63,October
1908,2021-10-27,4568.12,2,-0.34,October
1909,2021-10-28,4580.2,3,0.26,October
1910,2021-10-29,4587.84,4,0.17,October
1911,2021-11-01,4607.7,0,0.43,November
1912,2021-11-02,4624.24,1,0.36,November
1913,2021-11-03,4642.32,2,0.39,November
1914,2021-11-04,4672.8,3,0.66,November
1915,2021-11-05,4699.91,4,0.58,November
1916,2021-11-08,4704.66,0,0.1,November
1917,2021-11-09,4689.7,1,-0.32,November
1918,2021-11-10,4657.85,2,-0.68,November
1919,2021-11-11,4656.43,3,-0.03,November
1920,2021-11-12,4669.62,4,0.28,November
1921,2021-11-15,4685.14,0,0.33,November
1922,2021-11-16,4697.18,1,0.26,November
1923,2021-11-17,4692.96,2,-0.09,November
1924,2021-11-18,4690.79,3,-0.05,November
1925,2021-11-19,4705.99,4,0.32,November
1926,2021-11-22,4713.0,0,0.15,November
1927,2021-11-23,4676.02,1,-0.78,November
1928,2021-11-24,4681.38,2,0.11,November
1929,2021-11-26,4625.03,4,-1.2,November
1930,2021-11-29,4649.1,0,0.52,November
1931,2021-11-30,4603.01,1,-0.99,November
1932,2021-12-01,4581.6,2,-0.47,December
1933,2021-12-02,4550.09,3,-0.69,December
1934,2021-12-03,4551.58,4,0.03,December
1935,2021-12-06,4576.56,0,0.55,December
1936,2021-12-07,4663.0,1,1.89,December
1937,2021-12-08,4689.79,2,0.57,December
1938,2021-12-09,4680.62,3,-0.2,December
1939,2021-12-10,4691.9,4,0.24,December
1940,2021-12-13,4688.95,0,-0.06,December
1941,2021-12-14,4633.5,1,-1.18,December
1942,2021-12-15,4661.91,2,0.61,December
1943,2021-12-16,4691.94,3,0.64,December
1944,2021-12-17,4633.46,4,-1.25,December
1945,2021-12-20,4559.5,0,-1.6,December
1946,2021-12-21,4617.15,1,1.26,December
1947,2021-12-22,4671.6,2,1.18,December
1948,2021-12-23,4722.35,3,1.09,December
1949,2021-12-27,4762.74,0,0.86,December
1950,2021-12-28,4793.53,1,0.65,December
1951,2021-12-29,4791.07,2,-0.05,December
1952,2021-12-30,4792.13,3,0.02,December
1953,2021-12-31,4776.29,4,-0.33,December
1954,2022-01-03,4777.41,0,0.02,January
1955,2022-01-04,4796.44,1,0.4,January
1956,2022-01-05,4748.57,2,-1.0,January
1957,2022-01-06,4698.14,3,-1.06,January
1958,2022-01-07,4685.34,4,-0.27,January
1959,2022-01-10,4627.63,0,-1.23,January
1960,2022-01-11,4676.2,1,1.05,January
1961,2022-01-12,4727.77,2,1.1,January
1962,2022-01-13,4697.21,3,-0.65,January
1963,2022-01-14,4639.94,4,-1.22,January
1964,2022-01-18,4600.47,1,-0.85,January
1965,2022-01-19,4570.88,2,-0.64,January
1966,2022-01-20,4540.03,3,-0.67,January
1967,2022-01-21,4444.93,4,-2.09,January
1968,2022-01-24,4319.99,0,-2.81,January
1969,2022-01-25,4349.06,1,0.67,January
1970,2022-01-26,4379.01,2,0.69,January
1971,2022-01-27,4369.12,3,-0.23,January
1972,2022-01-28,4362.59,4,-0.15,January
1973,2022-01-31,4465.46,0,2.36,January
1974,2022-02-01,4517.01,1,1.15,February
1975,2022-02-02,4569.82,2,1.17,February
1976,2022-02-03,4506.64,3,-1.38,February
1977,2022-02-04,4495.58,4,-0.25,February
1978,2022-02-07,4496.66,0,0.02,February
1979,2022-02-08,4498.36,1,0.04,February
1980,2022-02-09,4568.51,2,1.56,February
1981,2022-02-10,4536.62,3,-0.7,February
1982,2022-02-11,4463.87,4,-1.6,February
1983,2022-02-14,4395.53,0,-1.53,February
1984,2022-02-15,4451.02,1,1.26,February
1985,2022-02-16,4459.62,2,0.19,February
1986,2022-02-17,4414.94,3,-1.0,February
1987,2022-02-18,4360.91,4,-1.22,February
1988,2022-02-22,4314.62,1,-1.06,February
1989,2022-02-23,4281.51,2,-0.77,February
1990,2022-02-24,4204.69,3,-1.79,February
1991,2022-02-25,4336.08,4,3.12,February
1992,2022-02-28,4351.98,0,0.37,February
1993,2022-03-01,4329.0,1,-0.53,March
1994,2022-03-02,4362.02,2,0.76,March
1995,2022-03-03,4381.17,3,0.44,March
1996,2022-03-04,4313.55,4,-1.54,March
1997,2022-03-07,4263.43,0,-1.16,March
1998,2022-03-08,4217.4,1,-1.08,March
1999,2022-03-09,4261.25,2,1.04,March
2000,2022-03-10,4239.04,3,-0.52,March
2001,2022-03-11,4245.75,4,0.16,March
2002,2022-03-14,4204.65,0,-0.97,March
2003,2022-03-15,4229.48,1,0.59,March
2004,2022-03-16,4305.44,2,1.8,March
2005,2022-03-17,4374.16,3,1.6,March
2006,2022-03-18,4427.98,4,1.23,March
2007,2022-03-21,4453.02,0,0.57,March
2008,2022-03-22,4495.55,1,0.96,March
2009,2022-03-23,4478.44,2,-0.38,March
2010,2022-03-24,4492.88,3,0.32,March
2011,2022-03-25,4523.55,4,0.68,March
2012,2022-03-28,4546.67,0,0.51,March
2013,2022-03-29,4613.48,1,1.47,March
2014,2022-03-30,4604.54,2,-0.19,March
2015,2022-03-31,4566.74,3,-0.82,March
2016,2022-04-01,4528.14,4,-0.85,April
2017,2022-04-04,4561.35,0,0.73,April
2018,2022-04-05,4553.81,1,-0.17,April
2019,2022-04-06,4476.99,2,-1.69,April
2020,2022-04-07,4485.73,3,0.2,April
2021,2022-04-08,4497.5,4,0.26,April
2022,2022-04-11,4436.36,0,-1.36,April
2023,2022-04-12,4426.17,1,-0.23,April
2024,2022-04-13,4423.31,2,-0.06,April
2025,2022-04-14,4425.62,3,0.05,April
2026,2022-04-18,4390.3,0,-0.8,April
2027,2022-04-19,4430.83,1,0.92,April
2028,2022-04-20,4468.52,2,0.85,April
2029,2022-04-21,4448.7,3,-0.44,April
2030,2022-04-22,4326.73,4,-2.74,April
2031,2022-04-25,4249.92,0,-1.78,April
2032,2022-04-26,4226.59,1,-0.55,April
2033,2022-04-27,4201.8,2,-0.59,April
2034,2022-04-28,4248.54,3,1.11,April
2035,2022-04-29,4196.98,4,-1.21,April
2036,2022-05-02,4116.16,0,-1.93,May
2037,2022-05-03,4173.59,1,1.4,May
2038,2022-05-04,4228.28,2,1.31,May
2039,2022-05-05,4188.22,3,-0.95,May
2040,2022-05-06,4112.8,4,-1.8,May
2041,2022-05-09,4028.38,0,-2.05,May
2042,2022-05-10,4013.5,1,-0.37,May
2043,2022-05-11,3988.96,2,-0.61,May
2044,2022-05-12,3911.84,3,-1.93,May
2045,2022-05-13,4001.39,4,2.29,May
2046,2022-05-16,4015.22,0,0.35,May
2047,2022-05-17,4062.32,1,1.17,May
2048,2022-05-18,3981.94,2,-1.98,May
2049,2022-05-19,3911.27,3,-1.77,May
2050,2022-05-20,3876.87,4,-0.88,May
2051,2022-05-23,3945.46,0,1.77,May
2052,2022-05-24,3915.4,1,-0.76,May
2053,2022-05-25,3962.18,2,1.19,May
2054,2022-05-26,4029.87,3,1.71,May
2055,2022-05-27,4117.96,4,2.19,May
2056,2022-05-31,4136.61,1,0.45,May
2057,2022-06-01,4120.2,2,-0.4,June
2058,2022-06-02,4125.94,3,0.14,June
2059,2022-06-03,4120.67,4,-0.13,June
2060,2022-06-06,4138.98,0,0.44,June
2061,2022-06-07,4122.52,1,-0.4,June
2062,2022-06-08,4133.67,2,0.27,June
2063,2022-06-09,4068.14,3,-1.59,June
2064,2022-06-10,3937.27,4,-3.22,June
2065,2022-06-13,3786.23,0,-3.84,June
2066,2022-06-14,3741.93,1,-1.17,June
2067,2022-06-15,3779.93,2,1.02,June
2068,2022-06-16,3683.98,3,-2.54,June
2069,2022-06-17,3672.29,4,-0.32,June
2070,2022-06-21,3747.48,1,2.05,June
2071,2022-06-22,3759.74,2,0.33,June
2072,2022-06-23,3773.05,3,0.35,June
2073,2022-06-24,3867.7,4,2.51,June
2074,2022-06-27,3908.69,0,1.06,June
2075,2022-06-28,3883.0,1,-0.66,June
2076,2022-06-29,3817.76,2,-1.68,June
2077,2022-06-30,3778.83,3,-1.02,June
2078,2022-07-01,3790.96,4,0.32,July
2079,2022-07-05,3787.12,1,-0.1,July
2080,2022-07-06,3840.14,2,1.4,July
2081,2022-07-07,3884.74,3,1.16,July
2082,2022-07-08,3893.92,4,0.24,July
2083,2022-07-11,3864.08,0,-0.77,July
2084,2022-07-12,3837.88,1,-0.68,July
2085,2022-07-13,3794.26,2,-1.14,July
2086,2022-07-14,3758.98,3,-0.93,July
2087,2022-07-15,3840.4,4,2.17,July
2088,2022-07-18,3860.54,0,0.52,July
2089,2022-07-19,3900.27,1,1.03,July
2090,2022-07-20,3948.08,2,1.23,July
2091,2022-07-21,3963.46,3,0.39,July
2092,2022-07-22,3975.65,4,0.31,July
2093,2022-07-25,3959.38,0,-0.41,July
2094,2022-07-26,3931.98,1,-0.69,July
2095,2022-07-27,3995.5,2,1.62,July
2096,2022-07-28,4035.96,3,1.01,July
2097,2022-07-29,4109.68,4,1.83,July
2098,2022-08-01,4120.49,0,0.26,August
2099,2022-08-02,4110.14,1,-0.25,August
2100,2022-08-03,4137.81,2,0.67,August
2101,2022-08-04,4148.35,3,0.25,August
2102,2022-08-05,4129.44,4,-0.46,August
2103,2022-08-08,4157.8,0,0.69,August
2104,2022-08-09,4124.7,1,-0.8,August
2105,2022-08-10,4194.15,2,1.68,August
2106,2022-08-11,4229.66,3,0.85,August
2107,2022-08-12,4250.12,4,0.48,August
2108,2022-08-15,4279.34,0,0.69,August
2109,2022-08-16,4301.52,1,0.52,August
2110,2022-08-17,4277.63,2,-0.56,August
2111,2022-08-18,4277.25,3,-0.01,August
2112,2022-08-19,4242.5,4,-0.81,August
2113,2022-08-22,4162.47,0,-1.89,August
2114,2022-08-23,4141.9,1,-0.49,August
2115,2022-08-24,4138.27,2,-0.09,August
2116,2022-08-25,4174.07,3,0.87,August
2117,2022-08-26,4130.35,4,-1.05,August
2118,2022-08-29,4040.2,0,-2.18,August
2119,2022-08-30,4005.1,1,-0.87,August
2120,2022-08-31,3984.95,2,-0.5,August
2121,2022-09-01,3936.94,3,-1.2,September
2122,2022-09-02,3962.32,4,0.64,September
2123,2022-09-06,3914.65,1,-1.2,September
2124,2022-09-07,3946.96,2,0.83,September
2125,2022-09-08,3977.66,3,0.78,September
2126,2022-09-09,4049.88,4,1.82,September
2127,2022-09-12,4101.48,0,1.27,September
2128,2022-09-13,3979.2,1,-2.98,September
2129,2022-09-14,3937.06,2,-1.06,September
2130,2022-09-15,3923.71,3,-0.34,September
2131,2022-09-16,3859.02,4,-1.65,September
2132,2022-09-19,3869.48,0,0.27,September
2133,2022-09-20,3851.78,1,-0.46,September
2134,2022-09-21,3848.28,2,-0.09,September
2135,2022-09-22,3770.18,3,-2.03,September
2136,2022-09-23,3687.3,4,-2.2,September
2137,2022-09-26,3680.22,0,-0.19,September
2138,2022-09-27,3670.41,1,-0.27,September
2139,2022-09-28,3688.68,2,0.5,September
2140,2022-09-29,3648.7,3,-1.08,September
2141,2022-09-30,3627.78,4,-0.57,September
2142,2022-10-03,3651.64,0,0.66,October
2143,2022-10-04,3759.19,1,2.95,October
2144,2022-10-05,3764.78,2,0.15,October
2145,2022-10-06,3768.58,3,0.1,October
2146,2022-10-07,3663.73,4,-2.78,October
2147,2022-10-10,3620.14,0,-1.19,October
2148,2022-10-11,3604.56,1,-0.43,October
2149,2022-10-12,3591.1,2,-0.37,October
2150,2022-10-13,3588.5,3,-0.07,October
2151,2022-10-14,3645.84,4,1.6,October
2152,2022-10-17,3664.19,0,0.5,October
2153,2022-10-18,3724.66,1,1.65,October
2154,2022-10-19,3697.54,2,-0.73,October
2155,2022-10-20,3696.22,3,-0.04,October
2156,2022-10-21,3702.66,4,0.17,October
2157,2022-10-24,3776.2,0,1.99,October
2158,2022-10-25,3831.14,1,1.45,October
2159,2022-10-26,3855.11,2,0.63,October
2160,2022-10-27,3831.87,3,-0.6,October
2161,2022-10-28,3856.84,4,0.65,October
2162,2022-10-31,3878.46,0,0.56,October
2163,2022-11-01,3877.8,1,-0.02,November
2164,2022-11-02,3826.56,2,-1.32,November
2165,2022-11-03,3724.37,3,-2.67,November
2166,2022-11-04,3752.59,4,0.76,November
2167,2022-11-07,3789.32,0,0.98,November
2168,2022-11-08,3822.84,1,0.88,November
2169,2022-11-09,3781.21,2,-1.09,November
2170,2022-11-10,3909.11,3,3.38,November
2171,2022-11-11,3973.15,4,1.64,November
2172,2022-11-14,3982.68,0,0.24,November
2173,2022-11-15,3991.0,1,0.21,November
2174,2022-11-16,3968.72,2,-0.56,November
2175,2022-11-17,3930.44,3,-0.96,November
2176,2022-11-18,3957.94,4,0.7,November
2177,2022-11-21,3947.67,0,-0.26,November
2178,2022-11-22,3981.38,1,0.85,November
2179,2022-11-23,4016.22,2,0.88,November
2180,2022-11-25,4027.39,4,0.28,November
2181,2022-11-28,3984.02,0,-1.08,November
2182,2022-11-29,3957.21,1,-0.67,November
2183,2022-11-30,4009.34,2,1.32,November
2184,2022-12-01,4075.69,3,1.65,December
2185,2022-12-02,4053.56,4,-0.54,December
2186,2022-12-05,4018.47,0,-0.87,December
2187,2022-12-06,3959.95,1,-1.46,December
2188,2022-12-07,3940.12,2,-0.5,December
2189,2022-12-08,3955.01,3,0.38,December
2190,2022-12-09,3955.03,4,0.0,December
2191,2022-12-12,3963.0,0,0.2,December
2192,2022-12-13,4047.0,1,2.12,December
2193,2022-12-14,4009.7,2,-0.92,December
2194,2022-12-15,3918.91,3,-2.26,December
2195,2022-12-16,3859.41,4,-1.52,December
2196,2022-12-19,3827.45,0,-0.83,December
2197,2022-12-20,3816.93,1,-0.27,December
2198,2022-12-21,3864.66,2,1.25,December
2199,2022-12-22,3808.88,3,-1.44,December
2200,2022-12-23,3821.4,4,0.33,December
2201,2022-12-27,3829.94,1,0.22,December
2202,2022-12-28,3814.55,2,-0.4,December
2203,2022-12-29,3831.82,3,0.45,December
2204,2022-12-30,3820.1,4,-0.31,December
2205,2023-01-03,3836.4,1,0.43,January
2206,2023-01-04,3844.46,2,0.21,January
2207,2023-01-05,3821.08,3,-0.61,January
2208,2023-01-06,3857.88,4,0.96,January
2209,2023-01-09,3920.5,0,1.62,January
2210,2023-01-10,3898.56,1,-0.56,January
2211,2023-01-11,3949.3,2,1.3,January
2212,2023-01-12,3967.66,3,0.46,January
2213,2023-01-13,3975.81,4,0.21,January
2214,2023-01-17,3999.98,1,0.61,January
2215,2023-01-18,3970.38,2,-0.74,January
2216,2023-01-19,3904.24,3,-1.67,January
2217,2023-01-20,3935.41,4,0.8,January
2218,2023-01-23,4005.48,0,1.78,January
2219,2023-01-24,4006.86,1,0.03,January
2220,2023-01-25,3984.3,2,-0.56,January
2221,2023-01-26,4037.43,3,1.33,January
2222,2023-01-27,4071.46,4,0.84,January
2223,2023-01-30,4039.7,0,-0.78,January
2224,2023-01-31,4048.8,1,0.23,January
2225,2023-02-01,4093.08,2,1.09,February
2226,2023-02-02,4168.66,3,1.85,February
2227,2023-02-03,4152.86,4,-0.38,February
2228,2023-02-06,4109.0,0,-1.06,February
2229,2023-02-07,4132.46,1,0.57,February
2230,2023-02-08,4134.26,2,0.04,February
2231,2023-02-09,4112.95,3,-0.52,February
2232,2023-02-10,4077.58,4,-0.86,February
2233,2023-02-13,4115.78,0,0.94,February
2234,2023-02-14,4127.39,1,0.28,February
2235,2023-02-15,4126.04,2,-0.03,February
2236,2023-02-16,4113.01,3,-0.32,February
2237,2023-02-17,4064.73,4,-1.17,February
2238,2023-02-21,4023.77,1,-1.01,February
2239,2023-02-22,3997.14,2,-0.66,February
2240,2023-02-23,3998.74,3,0.04,February
2241,2023-02-24,3960.66,4,-0.95,February
2242,2023-02-27,3995.8,0,0.89,February
2243,2023-02-28,3983.24,1,-0.31,February
2244,2023-03-01,3955.39,2,-0.7,March
2245,2023-03-02,3959.5,3,0.1,March
2246,2023-03-03,4021.73,4,1.57,March
2247,2023-03-06,4061.55,0,0.99,March
2248,2023-03-07,4015.16,1,-1.14,March
2249,2023-03-08,3985.08,2,-0.75,March
2250,2023-03-09,3963.26,3,-0.55,March
2251,2023-03-10,3890.19,4,-1.84,March
2252,2023-03-13,3856.96,0,-0.85,March
2253,2023-03-14,3905.46,1,1.26,March
2254,2023-03-15,3866.25,2,-1.0,March
2255,2023-03-16,3914.28,3,1.24,March
2256,2023-03-17,3930.09,4,0.4,March
2257,2023-03-20,3936.76,0,0.17,March
2258,2023-03-21,3990.14,1,1.36,March
2259,2023-03-22,3987.83,2,-0.06,March
2260,2023-03-23,3963.36,3,-0.61,March
2261,2023-03-24,3940.95,4,-0.57,March
2262,2023-03-27,3987.16,0,1.17,March
2263,2023-03-28,3965.36,1,-0.55,March
2264,2023-03-29,4015.06,2,1.25,March
2265,2023-03-30,4044.98,3,0.75,March
2266,2023-03-31,4083.46,4,0.95,March
2267,2023-04-03,4113.23,0,0.73,April
2268,2023-04-04,4110.0,1,-0.08,April
2269,2023-04-05,4086.12,2,-0.58,April
2270,2023-04-06,4088.58,3,0.06,April
2271,2023-04-10,4091.02,0,0.06,April
2272,2023-04-11,4113.43,1,0.55,April
2273,2023-04-12,4110.66,2,-0.07,April
2274,2023-04-13,4124.83,3,0.34,April
2275,2023-04-14,4138.2,4,0.32,April
2276,2023-04-17,4137.45,0,-0.02,April
2277,2023-04-18,4154.92,1,0.42,April
2278,2023-04-19,4148.53,2,-0.15,April
2279,2023-04-20,4131.57,3,-0.41,April
2280,2023-04-21,4125.94,4,-0.14,April
2281,2023-04-24,4130.09,0,0.1,April
2282,2023-04-25,4098.91,1,-0.75,April
2283,2023-04-26,4069.51,2,-0.72,April
2284,2023-04-27,4106.76,3,0.92,April
2285,2023-04-28,4148.62,4,1.02,April
2286,2023-05-01,4175.52,0,0.65,May
2287,2023-05-02,4126.91,1,-1.16,May
2288,2023-05-03,4118.58,2,-0.2,May
2289,2023-05-04,4065.44,3,-1.29,May
2290,2023-05-05,4115.88,4,1.24,May
2291,2023-05-08,4133.06,0,0.42,May
2292,2023-05-09,4123.5,1,-0.23,May
2293,2023-05-10,4126.6,2,0.08,May
2294,2023-05-11,4121.04,3,-0.13,May
2295,2023-05-12,4121.43,4,0.01,May
2296,2023-05-15,4125.76,0,0.11,May
2297,2023-05-16,4122.7,1,-0.07,May
2298,2023-05-17,4139.15,2,0.4,May
2299,2023-05-18,4177.85,3,0.93,May
2300,2023-05-19,4196.56,4,0.45,May
2301,2023-05-22,4194.45,0,-0.05,May
2302,2023-05-23,4164.11,1,-0.72,May
2303,2023-05-24,4118.47,2,-1.1,May
2304,2023-05-25,4147.73,3,0.71,May
2305,2023-05-26,4184.51,4,0.89,May
2306,2023-05-30,4211.64,1,0.65,May
2307,2023-05-31,4180.8,2,-0.73,May
2308,2023-06-01,4202.04,3,0.51,June
2309,2023-06-02,4265.84,4,1.52,June
2310,2023-06-05,4283.05,0,0.4,June
2311,2023-06-06,4275.71,1,-0.17,June
2312,2023-06-07,4281.58,2,0.14,June
2313,2023-06-08,4279.54,3,-0.05,June
2314,2023-06-09,4307.16,4,0.65,June
2315,2023-06-12,4322.25,0,0.35,June
2316,2023-06-13,4362.34,1,0.93,June
2317,2023-06-14,4364.84,2,0.06,June
2318,2023-06-15,4400.9,3,0.83,June
2319,2023-06-16,4427.96,4,0.61,June
2320,2023-06-20,4383.67,1,-1.0,June
2321,2023-06-21,4373.18,2,-0.24,June
2322,2023-06-22,4367.04,3,-0.14,June
2323,2023-06-23,4353.94,4,-0.3,June
2324,2023-06-26,4345.07,0,-0.2,June
2325,2023-06-27,4359.71,1,0.34,June
2326,2023-06-28,4375.28,2,0.36,June
2327,2023-06-29,4385.18,3,0.23,June
2328,2023-06-30,4440.46,4,1.26,June
2329,2023-07-03,4449.38,0,0.2,July
2330,2023-07-05,4445.34,2,-0.09,July
2331,2023-07-06,4403.84,3,-0.93,July
2332,2023-07-07,4418.9,4,0.34,July
2333,2023-07-10,4401.26,0,-0.4,July
2334,2023-07-11,4426.05,1,0.56,July
2335,2023-07-12,4475.78,2,1.12,July
2336,2023-07-13,4503.37,3,0.62,July
2337,2023-07-14,4513.66,4,0.23,July
2338,2023-07-17,4518.88,0,0.12,July
2339,2023-07-18,4538.44,1,0.43,July
2340,2023-07-19,4567.96,2,0.65,July
2341,2023-07-20,4546.15,3,-0.48,July
2342,2023-07-21,4545.4,4,-0.02,July
2343,2023-07-24,4552.35,0,0.15,July
2344,2023-07-25,4566.52,1,0.31,July
2345,2023-07-26,4565.02,2,-0.03,July
2346,2023-07-27,4567.82,3,0.06,July
2347,2023-07-28,4577.08,4,0.2,July
2348,2023-07-31,4583.68,0,0.14,July
2349,2023-08-01,4576.08,1,-0.17,August
2350,2023-08-02,4528.34,2,-1.04,August
2351,2023-08-03,4502.51,3,-0.57,August
2352,2023-08-04,4507.44,4,0.11,August
2353,2023-08-07,4505.5,0,-0.04,August
2354,2023-08-08,4483.85,1,-0.48,August
2355,2023-08-09,4481.88,2,-0.04,August
2356,2023-08-10,4492.65,3,0.24,August
2357,2023-08-11,4460.1,4,-0.72,August
2358,2023-08-14,4471.88,0,0.26,August
2359,2023-08-15,4455.53,1,-0.37,August
2360,2023-08-16,4426.75,2,-0.65,August
2361,2023-08-17,4393.0,3,-0.76,August
2362,2023-08-18,4358.57,4,-0.78,August
2363,2023-08-21,4383.92,0,0.58,August
2364,2023-08-22,4400.68,1,0.38,August
2365,2023-08-23,4419.81,2,0.43,August
2366,2023-08-24,4416.92,3,-0.07,August
2367,2023-08-25,4387.38,4,-0.67,August
2368,2023-08-28,4427.27,0,0.91,August
2369,2023-08-29,4465.91,1,0.87,August
2370,2023-08-30,4507.62,2,0.93,August
2371,2023-08-31,4519.83,3,0.27,August
2372,2023-09-01,4521.3,4,0.03,September
2373,2023-09-05,4505.15,1,-0.36,September
2374,2023-09-06,4466.36,2,-0.86,September
2375,2023-09-07,4444.14,3,-0.5,September
2376,2023-09-08,4460.96,4,0.38,September
2377,2023-09-11,4479.33,0,0.41,September
2378,2023-09-12,4471.97,1,-0.16,September
2379,2023-09-13,4466.46,2,-0.12,September
2380,2023-09-14,4495.34,3,0.65,September
2381,2023-09-15,4472.59,4,-0.51,September
2382,2023-09-18,4454.23,0,-0.41,September
2383,2023-09-19,4433.23,1,-0.47,September
2384,2023-09-20,4431.2,2,-0.05,September
2385,2023-09-21,4352.43,3,-1.78,September
2386,2023-09-22,4336.94,4,-0.36,September
2387,2023-09-25,4320.6,0,-0.38,September
2388,2023-09-26,4289.5,1,-0.72,September
2389,2023-09-27,4265.35,2,-0.56,September
2390,2023-09-28,4290.83,3,0.6,September
2391,2023-09-29,4304.0,4,0.31,September
2392,2023-10-02,4280.4,0,-0.55,October
2393,2023-10-03,4248.8,1,-0.74,October
2394,2023-10-04,4244.49,2,-0.1,October
2395,2023-10-05,4246.52,3,0.05,October
2396,2023-10-06,4271.83,4,0.6,October
2397,2023-10-09,4312.76,0,0.96,October
2398,2023-10-10,4362.55,1,1.15,October
2399,2023-10-11,4361.99,2,-0.01,October
2400,2023-10-12,4355.64,3,-0.15,October
2401,2023-10-13,4344.54,4,-0.25,October
2402,2023-10-16,4362.85,0,0.42,October
2403,2023-10-17,4365.56,1,0.06,October
2404,2023-10-18,4334.02,2,-0.72,October
2405,2023-10-19,4304.62,3,-0.68,October
2406,2023-10-20,4249.8,4,-1.27,October
2407,2023-10-23,4222.53,0,-0.64,October
2408,2023-10-24,4239.41,1,0.4,October
2409,2023-10-25,4206.92,2,-0.77,October
2410,2023-10-26,4155.75,3,-1.22,October
2411,2023-10-27,4130.24,4,-0.61,October
2412,2023-10-30,4155.2,0,0.6,October
2413,2023-10-31,4174.34,1,0.46,October
2414,2023-11-01,4221.69,2,1.13,November
2415,2023-11-02,4293.99,3,1.71,November
2416,2023-11-03,4353.92,4,1.4,November
2417,2023-11-06,4359.87,0,0.14,November
2418,2023-11-07,4370.84,1,0.25,November
2419,2023-11-08,4375.48,2,0.11,November
2420,2023-11-09,4368.67,3,-0.16,November
2421,2023-11-10,4385.68,4,0.39,November
2422,2023-11-13,4407.79,0,0.5,November
2423,2023-11-14,4483.82,1,1.72,November
2424,2023-11-15,4508.24,2,0.54,November
2425,2023-11-16,4499.91,3,-0.18,November
2426,2023-11-17,4509.89,4,0.22,November
2427,2023-11-20,4533.73,0,0.53,November
2428,2023-11-21,4533.83,1,0.0,November
2429,2023-11-22,4556.74,2,0.51,November
2430,2023-11-24,4556.56,4,-0.0,November
2431,2023-11-27,4553.42,0,-0.07,November
2432,2023-11-28,4554.33,1,0.02,November
2433,2023-11-29,4567.4,2,0.29,November
2434,2023-11-30,4553.57,3,-0.3,November
2435,2023-12-01,4577.05,4,0.52,December
2436,2023-12-04,4559.54,0,-0.38,December
2437,2023-12-05,4565.12,1,0.12,December
2438,2023-12-06,4568.62,2,0.08,December
2439,2023-12-07,4578.07,3,0.21,December
2440,2023-12-08,4591.65,4,0.3,December
2441,2023-12-11,4608.55,0,0.37,December
2442,2023-12-12,4626.01,1,0.38,December
2443,2023-12-13,4676.46,2,1.09,December
2444,2023-12-14,4716.46,3,0.86,December
2445,2023-12-15,4715.11,4,-0.03,December
2446,2023-12-18,4737.55,0,0.48,December
2447,2023-12-19,4756.2,1,0.39,December
2448,2023-12-20,4737.92,2,-0.38,December
2449,2023-12-21,4728.53,3,-0.2,December
2450,2023-12-22,4754.85,4,0.56,December
2451,2023-12-26,4771.58,1,0.35,December
2452,2023-12-27,4777.15,2,0.12,December
2453,2023-12-28,4787.14,3,0.21,December
2454,2023-12-29,4770.21,4,-0.35,December
2455,2024-01-02,4738.5,1,-0.66,January
2456,2024-01-03,4714.5,2,-0.51,January
2457,2024-01-04,4707.16,3,-0.16,January
2458,2024-01-05,4701.8,4,-0.11,January
2459,2024-01-08,4732.18,0,0.65,January
2460,2024-01-09,4747.91,1,0.33,January
2461,2024-01-10,4773.5,2,0.54,January
2462,2024-01-11,4769.04,3,-0.09,January
2463,2024-01-12,4785.69,4,0.35,January
2464,2024-01-16,4764.73,1,-0.44,January
2465,2024-01-17,4729.52,2,-0.74,January
2466,2024-01-18,4763.18,3,0.71,January
2467,2024-01-19,4813.97,4,1.07,January
2468,2024-01-22,4856.23,0,0.88,January
2469,2024-01-23,4855.42,1,-0.02,January
2470,2024-01-24,4884.81,2,0.61,January
2471,2024-01-25,4883.74,3,-0.02,January
2472,2024-01-26,4894.08,4,0.21,January
2473,2024-01-29,4908.35,0,0.29,January
2474,2024-01-30,4923.68,1,0.31,January
2475,2024-01-31,4875.95,2,-0.97,January
2476,2024-02-01,4880.25,3,0.09,February
2477,2024-02-02,4941.64,4,1.26,February
2478,2024-02-05,4937.64,0,-0.08,February
2479,2024-02-06,4946.33,1,0.18,February
2480,2024-02-07,4984.47,2,0.77,February
2481,2024-02-08,4993.74,3,0.19,February
2482,2024-02-09,5015.2,4,0.43,February
2483,2024-02-12,5032.61,0,0.35,February
2484,2024-02-13,4945.8,1,-1.72,February
2485,2024-02-14,4979.49,2,0.68,February
2486,2024-02-15,5016.08,3,0.73,February
2487,2024-02-16,5019.11,4,0.06,February
2488,2024-02-20,4974.36,1,-0.89,February
2489,2024-02-21,4964.6,2,-0.2,February
2490,2024-02-22,5066.61,3,2.05,February
2491,2024-02-23,5096.26,4,0.59,February
2492,2024-02-26,5083.28,0,-0.25,February
2493,2024-02-27,5068.99,1,-0.28,February
2494,2024-02-28,5067.86,2,-0.02,February
2495,2024-02-29,5083.44,3,0.31,February
2496,2024-03-01,5117.24,4,0.66,March
2497,2024-03-04,5138.42,0,0.41,March
2498,2024-03-05,5085.68,1,-1.03,March
2499,2024-03-06,5110.1,2,0.48,March
2500,2024-03-07,5146.92,3,0.72,March
2501,2024-03-08,5153.38,4,0.13,March
2502,2024-03-11,5107.9,0,-0.88,March
2503,2024-03-12,5147.17,1,0.77,March
2504,2024-03-13,5165.51,2,0.36,March
2505,2024-03-14,5150.08,3,-0.3,March
2506,2024-03-15,5120.6,4,-0.57,March
2507,2024-03-18,5160.54,0,0.78,March
2508,2024-03-19,5155.95,1,-0.09,March
2509,2024-03-20,5198.87,2,0.83,March
2510,2024-03-21,5250.88,3,1.0,March
2511,2024-03-22,5237.98,4,-0.25,March
2512,2024-03-25,5222.59,0,-0.29,March
2513,2024-03-26,5219.29,1,-0.06,March
2514,2024-03-27,5231.59,2,0.24,March
2515,2024-03-28,5255.34,3,0.45,March
